time_sec,audio_rms,audio_dbfs,audio_rms_derivative
0.0,,,
0.25,0.0,-240.0,
0.5,0.0,-240.0,0.0
0.75,0.0,-240.0,0.0
1.0,0.0,-240.0,0.0
1.25,0.005450652563172994,-45.271029998306396,0.005450652563172994
1.5,0.01112955009801241,-39.070447824654394,0.005678897534839415
1.75,0.011953076835144426,-38.45040577555143,0.0008235267371320167
2.0,0.012778698125512269,-37.87026778313254,0.000825621290367843
2.25,0.012846259729678629,-37.82446602996601,6.756160416636e-05
2.5,0.011987685073784726,-38.4252934961757,-0.0008585746558939025
2.75,0.013327059629410073,-37.505313181488795,0.001339374555625347
3.0,0.02733469865924363,-31.265714188815757,0.014007639029833556
3.25,0.04049579543973108,-27.851801319252814,0.01316109678048745
3.5,0.04408721180568013,-27.1137473250216,0.003591416365949049
3.75,0.035272011626127066,-29.051395420402486,-0.008815200179553062
4.0,0.018369510955047002,-34.7180481116817,-0.016902500671080064
4.25,0.014488918081510437,-36.779280859711456,-0.0038805928735365647
4.5,0.014609333769796857,-36.70739177476223,0.00012041568828641963
4.75,0.012295622663753109,-38.20498946372847,-0.002313711106043748
5.0,0.013696488783535455,-37.267815075770095,0.0014008661197823461
5.25,0.01482431676284265,-36.58050627297483,0.0011278279793071957
5.5,0.013115797977340218,-37.64410562713452,-0.001708518785502433
5.75,0.011972290566852646,-38.436455027275635,-0.0011435074104875712
6.0,0.013650501652306739,-37.297027761827664,0.0016782110854540924
6.25,0.015528144464891251,-36.17760874295603,0.0018776428125845124
6.5,0.01506217181191125,-36.44224805492495,-0.00046597265298000193
6.75,0.013709839982078174,-37.259352282578405,-0.0013523318298330755
7.0,0.012257187746125109,-38.23218323257648,-0.0014526522359530648
7.25,0.013194843755291136,-37.59191496023496,0.0009376560091660276
7.5,0.013346345620910733,-37.492752653776435,0.0001515018656195969
7.75,0.01243210240628684,-38.10910842205948,-0.0009142432146238937
8.0,0.012287511184182661,-38.21072147652532,-0.00014459122210417827
8.25,0.012226732520939886,-38.25379177061994,-6.077866324277585e-05
8.5,0.01337597264731841,-37.4734925593101,0.001149240126378525
8.75,0.015284795684418418,-36.31480724381301,0.0019088230371000076
9.0,0.015736054612457785,-36.062082916525036,0.0004512589280393671
9.25,0.014290654015432306,-36.89895790251785,-0.0014454005970254789
9.5,0.013449753224469268,-37.425713679477056,-0.0008409007909630384
9.75,0.015036778117951087,-36.45690417256841,0.0015870248934818192
10.0,0.026220172550307355,-31.627289092099428,0.011183394432356268
10.25,0.03386950992723709,-29.403821745880446,0.0076493373769297365
10.5,0.025063029166797802,-32.01932880941033,-0.00880648076043929
10.75,0.015653416383273607,-36.10781724552705,-0.009409612783524195
11.0,0.012764465134319027,-37.879947571203544,-0.00288895124895458
11.25,0.012942003701103297,-37.75996960564819,0.0001775385667842702
11.5,0.013105772126623692,-37.65074774938297,0.00016376842552039486
11.75,0.012541205800198697,-38.03321410641986,-0.0005645663264249954
12.0,0.012405146803051798,-38.127961837327796,-0.00013605899714689944
12.25,0.01230303558853264,-38.1997543937654,-0.00010211121451915786
12.5,0.012264244464250725,-38.2271840240468,-3.8791124281914446e-05
12.75,0.011861063887030388,-38.51752709636804,-0.000403180577220337
13.0,0.011282538516093048,-38.951863503628225,-0.0005785253709373397
13.25,0.01127916181542941,-38.95446345390596,-3.3767006636375996e-06
13.5,0.011386596251571724,-38.87212156695923,0.00010743443614231324
13.75,0.014063645435775745,-37.0380418254869,0.002677049184204021
14.0,0.030887517324216816,-30.204339959765587,0.01682387188844107
14.25,0.029424556078867584,-30.625801610314657,-0.0014629612453492327
14.5,0.013066059847425943,-37.67710713755506,-0.01635849623144164
14.75,0.01182129840517777,-38.54669639182057,-0.0012447614422481726
15.0,0.011562458554669908,-38.7389962185953,-0.00025883985050786235
15.25,0.011635752863022226,-38.68411022930264,7.329430835231743e-05
15.5,0.011768356964338113,-38.58568333564903,0.00013260410131588768
15.75,0.012443442622842815,-38.10118900753592,0.000675085658504701
16.0,0.013313095903912341,-37.51441878821518,0.0008696532810695268
16.25,0.013189409636265033,-37.595492863926545,-0.00012368626764730842
16.5,0.013114171513746036,-37.64518281354156,-7.523812251899673e-05
16.75,0.012979379853097647,-37.73492114667196,-0.00013479166064838885
17.0,0.01197922654045534,-38.43142443963857,-0.001000153312642308
17.25,0.015354526531790905,-36.27527141556969,0.0033752999913355657
17.5,0.03267469282959238,-29.715769729182963,0.017320166297801476
17.75,0.04745614211187303,-26.474151402100258,0.014781449282280652
18.0,0.039449209561647505,-28.079233885096087,-0.008006932550225526
18.25,0.03728400882381565,-28.569547958069737,-0.002165200737831857
18.5,0.03885791122764533,-28.2104109642019,0.00157390240382968
18.75,0.028280193426525102,-30.970352488578072,-0.010577717801120226
19.0,0.017853844493596806,-34.965365044242624,-0.010426348932928296
19.25,0.012612157016179043,-37.98421262135938,-0.005241687477417763
19.5,0.011973611528323366,-38.43549672338582,-0.0006385454878556768
19.75,0.011433597059327881,-38.83634234276667,-0.0005400144689954849
20.0,0.01155907120246972,-38.741541220409026,0.00012547414314183908
20.25,0.011401909886547037,-38.860447913358875,-0.00015716131592268326
20.5,0.011247230176658244,-38.97908833623696,-0.00015467970988879316
20.75,0.011538000130609901,-38.757389208480646,0.000290769953951657
21.0,0.01204063276147443,-38.3870137864309,0.0005026326308645284
21.25,0.011996965429529922,-38.41857185144632,-4.366733194450731e-05
21.5,0.011672179947443118,-38.65696051205657,-0.0003247854820868038
21.75,0.011556226687974513,-38.743678950947384,-0.00011595325946860482
22.0,0.011530585923820887,-38.76297247084298,-2.5640764153626178e-05
22.25,0.011383215070753851,-38.874701172317216,-0.00014737085306703625
22.5,0.01122775205128609,-38.994143733208226,-0.00015546301946776052
22.75,0.011357531021602484,-38.8943213651042,0.00012977897031639374
23.0,0.011835069322700112,-38.53658387711073,0.0004775383010976273
23.25,0.012158348440156458,-38.30250829009077,0.00032327911745634597
23.5,0.011859020559849172,-38.5190235593737,-0.0002993278803072857
23.75,0.013662614672155274,-37.28932359806778,0.0018035941123061023
24.0,0.018178720418756726,-34.808733791033966,0.004516105746601452
24.25,0.018456443778133304,-34.6770395178627,0.00027772335937657766
24.5,0.015732621886640194,-36.063977897887,-0.0027238218914931098
24.75,0.013246561331888437,-37.55793690695032,-0.0024860605547517567
25.0,0.011380886360682692,-38.87647826145968,-0.0018656749712057455
25.25,0.011394881574075744,-38.86580368006857,1.3995213393052514e-05
25.5,0.011213003169186865,-39.00556110124013,-0.00018187840488887927
25.75,0.011397456984747591,-38.86384076319597,0.00018445381556072594
26.0,0.011807247475234903,-38.55702667975188,0.0004097904904873124
26.25,0.011666914865285007,-38.6608794235396,-0.0001403326099498961
26.5,0.01137610462252188,-38.88012844971007,-0.00029081024276312803
26.75,0.011357448853688662,-38.894384204819225,-1.8655768833216943e-05
27.0,0.011447230112418598,-38.82599173719725,8.978125872993563e-05
27.25,0.011303395583999745,-38.93582146253409,-0.00014383452841885275
27.5,0.011234069900369362,-38.989257563115025,-6.93256836303835e-05
27.75,0.011295946851927231,-38.94154719258539,6.18769515578696e-05
28.0,0.01108741605176739,-39.10339310727724,-0.00020853080015984134
28.25,0.010977259188073185,-39.190121626951694,-0.00011015686369420484
28.5,0.011121728313378246,-39.076554364659984,0.00014446912530506097
28.75,0.011250343039723472,-38.976684700524515,0.00012861472634522614
29.0,0.011208034231408731,-39.00941102531731,-4.230880831474111e-05
29.25,0.011006721041897816,-39.16684080506647,-0.00020131318951091548
29.5,0.011476398159867252,-38.80388785601485,0.00046967711796943624
29.75,0.011603501612610742,-38.708218660308845,0.0001271034527434902
30.0,0.011317865896155268,-38.92470912455474,-0.00028563571645547417
30.25,0.011431684801477026,-38.837795170751946,0.00011381890532175844
30.5,0.015209339499483216,-36.35779291489523,0.0037776546980061894
30.75,0.02299524409701435,-32.767239519269616,0.007785904597531134
31.0,0.02030400271746889,-33.84836674204813,-0.002691241379545458
31.25,0.012090698697643013,-38.35097202712308,-0.008213304019825878
31.5,0.010723109402103647,-39.393585261517416,-0.0013675892955393662
31.75,0.010852116112105556,-39.28971136232376,0.00012900671000190891
32.0,0.010928247288260943,-39.2289897228366,7.613117615538727e-05
32.25,0.01138646733045132,-38.8722199107433,0.0004582200421903767
32.5,0.01141456902012176,-38.85080962965469,2.8101689670439675e-05
32.75,0.011102069937167384,-39.09192082261875,-0.0003124990829543751
33.0,0.010845929044677741,-39.294664821119184,-0.00025614089248964314
33.25,0.010728394315309676,-39.38930545210326,-0.00011753472936806494
33.5,0.011013190525967151,-39.16173694930574,0.00028479621065747446
33.75,0.01117550613233895,-39.03465597521614,0.00016231560637179968
34.0,0.010944056063070872,-39.21643381640051,-0.00023145006926807848
34.25,0.01089836019749557,-39.25277684911188,-4.5695865575302516e-05
34.5,0.011835224263212615,-38.53647016528142,0.0009368640657170454
34.75,0.012099260167495764,-38.344823692122254,0.00026403590428314937
35.0,0.01148210105569896,-38.799572702453546,-0.0006171591117968035
35.25,0.011296997834615217,-38.94073908901397,-0.00018510322108374402
35.5,0.011142776270639063,-39.06013178605462,-0.0001542215639761535
35.75,0.015288660143318294,-36.3126114656268,0.0041458838726792305
36.0,0.03457227730408312,-29.22544024342628,0.019283617160764824
36.25,0.03484954008948536,-29.15605897828204,0.0002772627854022436
36.5,0.01573316463168846,-36.06367825665043,-0.019116375457796903
36.75,0.01181814437832531,-38.5490141731293,-0.00391502025336315
37.0,0.011951773566756498,-38.451352867476814,0.00013362918843118875
37.25,0.012002667314405968,-38.41444462631597,5.0893747649469884e-05
37.5,0.011922564824327598,-38.47260615086488,-8.010249007837054e-05
37.75,0.011391684735800184,-38.86824085153656,-0.0005308800885274138
38.0,0.011271905720284255,-38.96005304683355,-0.00011977901551592923
38.25,0.011225676460593458,-38.9957495772093,-4.6229259690796706e-05
38.5,0.010850909094817437,-39.29067749666362,-0.0003747673657760204
38.75,0.010852748928270716,-39.289204879435,1.839833453278622e-06
39.0,0.011041334959498949,-39.139568294947395,0.0001885860312282328
39.25,0.017002351477583492,-35.38982020355226,0.0059610165180845436
39.5,0.02203684399656213,-33.137012055376495,0.005034492518978636
39.75,0.016075432924936538,-35.87674644606728,-0.005961411071625591
40.0,0.011031265336922825,-39.14749338173177,-0.005044167588013713
40.25,0.011047357260533285,-39.13483202148025,1.609192361046001e-05
40.5,0.010958916533520135,-39.204647614731634,-8.844072701314973e-05
40.75,0.010859557983095878,-39.283757028966996,-9.93585504242573e-05
41.0,0.011167067036730271,-39.04121753426547,0.000307509053634393
41.25,0.014485404038845602,-36.781387731222786,0.0033183370021153315
41.5,0.014658616517552642,-36.67814033020218,0.00017321247870704
41.75,0.01136142647731422,-38.891342751430365,-0.003297190040238422
42.0,0.011112046467884582,-39.08411902226634,-0.00024938000942963806
42.25,0.011135953096358215,-39.06545213800613,2.3906628473633132e-05
42.5,0.011138975910021448,-39.06309470503504,3.022813663232371e-06
42.75,0.011098977895177033,-39.09434027019244,-3.999801484441505e-05
43.0,0.011025837621851636,-39.15176815300437,-7.314027332539635e-05
43.25,0.011492792844122062,-38.79148842564448,0.0004669552222704258
43.5,0.013405146980800448,-37.45456839597202,0.0019123541366783854
43.75,0.013730031717465698,-37.24656918951295,0.0003248847366652506
44.0,0.012341170727588498,-38.17287279171398,-0.0013888609898771997
44.25,0.011801502884408083,-38.56125366187995,-0.000539667843180415
44.5,0.011817191338148875,-38.54971464989817,1.568845374079128e-05
44.75,0.012449355225314731,-38.097062816995205,0.0006321638871658562
45.0,0.012586009102805999,-38.0022391690259,0.00013665387749126762
45.25,0.012235034189923546,-38.247896253405784,-0.00035097491288245235
45.5,0.012126796989950664,-38.32507785380778,-0.00010823719997288261
45.75,0.013310962801079787,-37.51581060424397,0.0011841658111291231
46.0,0.017346316126226183,-35.21585486183238,0.004035353325146396
46.25,0.018358858231501282,-34.72308663561848,0.0010125421052750994
46.5,0.014227362332607902,-36.93751216014034,-0.0041314958988933805
46.75,0.011550929259038858,-38.74766151669526,-0.002676433073569044
47.0,0.011179035399152075,-39.031913371682904,-0.0003718938598867832
47.25,0.010930456073613912,-39.22723433363936,-0.0002485793255381629
47.5,0.010715443114467404,-39.39979729762597,-0.00021501295914650755
47.75,0.011016230276016309,-39.15933988822485,0.00030078716154890474
48.0,0.01154043683981184,-38.7555550299085,0.0005242065637955304
48.25,0.011652592557371637,-38.67154877424882,0.00011215571755979724
48.5,0.01151931464077656,-38.77146718240348,-0.00013327791659507697
48.75,0.011325909034655465,-38.91853861486704,-0.00019340560612109495
49.0,0.011236210737152811,-38.98760248168647,-8.969829750265362e-05
49.25,0.011178712855741138,-39.03216398515604,-5.749788141167292e-05
49.5,0.011017232463611623,-39.15854973635834,-0.00016148039212951493
49.75,0.011138833432050646,-39.063205806437445,0.0001216009684390229
50.0,0.010941638189413983,-39.21835300466877,-0.0001971952426366632
50.25,0.011459391073480523,-38.816769183182494,0.0005177528840665403
50.5,0.01245647031396906,-38.09210005224803,0.0009970792404885367
50.75,0.011860143798858268,-38.51820090559643,-0.000596326515110792
51.0,0.01109963379835734,-39.09382698560354,-0.0007605100005009281
51.25,0.011049019453580194,-39.13352523479976,-5.061434477714524e-05
51.5,0.010973301063703943,-39.193254105705776,-7.571838987625173e-05
51.75,0.010995146053758113,-39.17597994570145,2.184499005417062e-05
52.0,0.011030579765279633,-39.14803320962064,3.543371152152017e-05
52.25,0.011018519918730704,-39.15753477731397,-1.2059846548929942e-05
52.5,0.011698856180977789,-38.637131958476445,0.0006803362622470853
52.75,0.012398943469197014,-38.13230640096858,0.0007000872882192248
53.0,0.012111875072956586,-38.335772345669845,-0.0002870683962404273
53.25,0.011900701069668167,-38.48854907104984,-0.00021117400328841962
53.5,0.011803121961673666,-38.560062105008626,-9.757910799450091e-05
53.75,0.014188660983687876,-36.96117175878621,0.0023855390220142107
54.0,0.014338060419014271,-36.87019187693032,0.00014939943532639444
54.25,0.012281311088919182,-38.215105353273195,-0.0020567493300950885
54.5,0.013043407527012944,-37.69217872838328,0.0007620964380937612
54.75,0.013105131312458974,-37.651172461268764,6.172378544603077e-05
55.0,0.01254113921968213,-38.03326021941436,-0.0005639920927768445
55.25,0.012164355251284013,-38.29821810095317,-0.00037678396839811723
55.5,0.011549820311714247,-38.74849544583276,-0.0006145349395697657
55.75,0.012096161595370377,-38.347048398591554,0.0005463412836561304
56.0,0.0125659357689532,-38.016103289705725,0.00046977417358282265
56.25,0.012485932639788994,-38.071580246676284,-8.000312916420574e-05
56.5,0.012115925908885779,-38.332867821716206,-0.00037000673090321554
56.75,0.011069136150061477,-39.11772541343906,-0.0010467897588243014
57.0,0.010636973180605594,-39.4636387143865,-0.00043216296945588345
57.25,0.010860683351248828,-39.28285696313107,0.00022371017064323415
57.5,0.011250068534503452,-38.97689663638517,0.00038938518325462405
57.75,0.010727075900394945,-39.39037292872761,-0.0005229926341085069
58.0,0.010364208986084304,-39.689276767019464,-0.00036286691431064097
58.25,0.011559549385498571,-38.74118190441958,0.0011953403994142669
58.5,0.015792735813081837,-36.03085259167662,0.0042331864275832656
58.75,0.01720077682240907,-35.289038779870324,0.0014080410093272322
59.0,0.013539238434411523,-37.368115269295416,-0.003661538387997546
59.25,0.011177386162641016,-39.033194890400665,-0.0023618522717705065
59.5,0.01141535602789066,-38.850210778575445,0.00023796986524964384
59.75,0.012122410449887294,-38.32822030729953,0.0007070544219966342
60.0,0.012575700314159353,-38.00935641245368,0.00045328986427205925
60.25,0.012200266916775946,-38.27261335429332,-0.0003754333973834071
60.5,0.011420960013044129,-38.8459477794593,-0.0007793069037318173
60.75,0.011636949482511639,-38.68321701933692,0.00021598946946750977
61.0,0.011538180510887685,-38.75725341796922,-9.876897162395398e-05
61.25,0.01136754112098971,-38.88666932126348,-0.00017063938989797522
61.5,0.011433862528382702,-38.836140673236784,6.6321407392992e-05
61.75,0.01223105144474202,-38.250724142257525,0.000797188916359319
62.0,0.012250827703205711,-38.236691360314616,1.977625846369055e-05
62.25,0.01224575237570064,-38.24029053498074,-5.0753275050718916e-06
62.5,0.012189858012638657,-38.280027059498416,-5.58943630619823e-05
62.75,0.011062310130162055,-39.12308340555919,-0.0011275478824766018
63.0,0.010987172013234589,-39.18228152306717,-7.513811692746661e-05
63.25,0.011575037025881862,-38.72955222124165,0.0005878650126472738
63.5,0.01147708793987362,-38.80336581304629,-9.794908600824215e-05
63.75,0.011418279567868901,-38.847986555837586,-5.880837200471917e-05
64.0,0.01193622827173103,-38.46265768375608,0.000517948703862129
64.25,0.011945900589834904,-38.45562207209282,9.672318103873603e-06
64.5,0.011915752792232105,-38.477570306603525,-3.0147797602799245e-05
64.75,0.012471026532297048,-38.0819559354051,0.0005552737400649436
65.0,0.012562751908291698,-38.01830433281866,9.172537599464944e-05
65.25,0.01184172158496164,-38.53170307906779,-0.0007210303233300581
65.5,0.012862689484598625,-37.81336428821511,0.0010209678996369858
65.75,0.01705549913033206,-35.36271132775692,0.004192809645733434
66.0,0.022281073483844817,-33.04127778045671,0.0052255743535127575
66.25,0.020101565667063837,-33.935402299829455,-0.0021795078167809803
66.5,0.01573627823140378,-36.061959485605854,-0.004365287435660056
66.75,0.013600550364852812,-37.32887033845348,-0.0021357278665509686
67.0,0.011251456573939254,-38.97582503281085,-0.0023490937909135586
67.25,0.011042283322208628,-39.13882227826368,-0.00020917325173062593
67.5,0.01138976208697442,-38.86970694942591,0.0003474787647657924
67.75,0.011732656920946397,-38.61207256949084,0.0003428948339719764
68.0,0.011250774540053661,-38.976351564693935,-0.0004818823808927352
68.25,0.011946115286225897,-38.455465967294685,0.000695340746172236
68.5,0.012735744435886398,-37.899513286668956,0.000789629149660501
68.75,0.013439802701686324,-37.432142134220584,0.0007040582657999259
69.0,0.014356467574152657,-36.8590481118166,0.0009166648724663329
69.25,0.014180539436495004,-36.966144959545126,-0.00017592813765765318
69.5,0.013974290224722519,-37.09340482644113,-0.00020624921177248533
69.75,0.012877254573224445,-37.803534370513574,-0.001097035651498074
70.0,0.011999287312828299,-38.41689095381952,-0.000877967260396146
70.25,0.011881682176322406,-38.50244137462032,-0.00011760513650589319
70.5,0.014186527709073263,-36.96247778625298,0.002304845532750857
70.75,0.015777645036614277,-36.03915637676866,0.0015911173275410147
71.0,0.014458006346145934,-36.79783177862585,-0.0013196386904683437
71.25,0.014144503358968937,-36.98824593665525,-0.0003135029871769966
71.5,0.014585818303081519,-36.72138401513992,0.00044131494411258146
71.75,0.016505049235332987,-35.6476635156939,0.001919230932251468
72.0,0.020277547408289333,-33.85969149074318,0.0037724981729563463
72.25,0.021092150241754034,-33.51758287561231,0.0008146028334647011
72.5,0.018096029648215942,-34.848334017072304,-0.0029961205935380916
72.75,0.018914950455266377,-34.463895838255624,0.0008189208070504342
73.0,0.021328873512742708,-33.420641624892845,0.002413923057476331
73.25,0.022543661730541224,-32.939510815804404,0.0012147882177985167
73.5,0.02759399688347882,-31.18370778153329,0.005050335152937596
73.75,0.031941668151939495,-29.912848131703655,0.004347671268460675
74.0,0.033657400610247974,-29.458388559707256,0.001715732458308479
74.25,0.034704981769441194,-29.192163587686764,0.00104758115919322
74.5,0.037284564385962934,-28.56941853219257,0.0025795826165217403
74.75,0.03554731540679833,-28.983863846703272,-0.0017372489791646073
75.0,0.03136939196262497,-30.06987798396775,-0.004177923444173358
75.25,0.03407847516765542,-29.350396916988274,0.002709083205030452
75.5,0.03521185787970782,-29.066221193539388,0.0011333827120523984
75.75,0.034944919531556796,-29.132319104722747,-0.0002669383481510232
76.0,0.03760969725412515,-28.494003249636442,0.0026647777225683525
76.25,0.04044009745126133,-27.863756130399985,0.002830400197136179
76.5,0.042053093801357494,-27.52404096195095,0.0016129963500961658
76.75,0.04533173255882275,-26.87195364141993,0.0032786387574652576
77.0,0.049576698305316164,-26.094447992305547,0.004244965746493412
77.25,0.050685260770435156,-25.902366295096453,0.0011085624651189924
77.5,0.04306701383363891,-27.31710480301058,-0.007618246936796247
77.75,0.03161059513897309,-30.003346550419316,-0.01145641869466582
78.0,0.025383092000419546,-31.90910952239657,-0.0062275031385535425
78.25,0.02355422247788031,-32.55862454361158,-0.0018288695225392344
78.5,0.027310130238251018,-31.27352457497672,0.0037559077603707067
78.75,0.03195528915002055,-29.90914496670562,0.004645158911769531
79.0,0.03578058835550431,-28.92705044816085,0.0038252992054837592
79.25,0.03115051689179993,-30.130694850511475,-0.00463007146370438
79.5,0.023539927838218486,-32.56389745608554,-0.007610589053581442
79.75,0.02460091507902319,-32.18097476296236,0.001060987240804702
80.0,0.026028045994871723,-31.6911686893433,0.0014271309158485346
80.25,0.021649454292983844,-33.29106092394761,-0.004378591701887879
80.5,0.01901210367961173,-34.41939651978335,-0.0026373506133721136
80.75,0.022770884910704302,-32.8524018340717,0.0037587812310925714
81.0,0.028186698923780684,-30.99911566788109,0.005415814013076382
81.25,0.030515785503779383,-30.309508928369937,0.0023290865799986994
81.5,0.02528893577640722,-31.941388929699016,-0.005226849727372161
81.75,0.0206700140476136,-33.693184563987096,-0.004618921728793621
82.0,0.02133933210264226,-33.41638355225341,0.0006693180550286573
82.25,0.02445564145294861,-32.232418829205834,0.003116309350306351
82.5,0.02538450414342131,-31.90862631187644,0.0009288626904727024
82.75,0.02622774171227969,-31.62478203697922,0.0008432375688583772
83.0,0.02331109435889773,-32.64874675326197,-0.0029166473533819605
83.25,0.019579096249985682,-34.16414717228002,-0.0037319981089120463
83.5,0.02703775787522776,-31.360586507829193,0.007458661625242079
83.75,0.03361427218542737,-29.469525752347195,0.006576514310199608
84.0,0.028557540280107922,-30.885584038999532,-0.005056731905319446
84.25,0.02111500677049247,-33.50817549925332,-0.007442533509615452
84.5,0.017296368645987093,-35.24090133871483,-0.0038186381245053774
84.75,0.015574856901586703,-36.15151869652508,-0.0017215117444003905
85.0,0.016971523956170496,-35.40558316958793,0.001396667054583793
85.25,0.018765411165734186,-34.53283830741873,0.0017938872095636903
85.5,0.019319828041812672,-34.27993486730277,0.0005544168760784861
85.75,0.022767111681263014,-32.853841241029954,0.0034472836394503423
86.0,0.022248565240045017,-33.05395980870637,-0.0005185464412179978
86.25,0.016851556462634018,-35.467199602262944,-0.0053970087774109984
86.5,0.014810021019582415,-36.5888865012619,-0.002041535443051603
86.75,0.016562021120914136,-35.61773331656121,0.0017520001013317209
87.0,0.016159337984644508,-35.831528706712284,-0.00040268313626962843
87.25,0.01496566406708218,-36.49808015087603,-0.0011936739175623275
87.5,0.017513320497747904,-35.132630090818566,0.002547656430665724
87.75,0.02036952757523941,-33.82038086664528,0.0028562070774915058
88.0,0.024741543972023453,-32.13146404236619,0.0043720163967840425
88.25,0.029540745045462197,-30.591571111092833,0.004799201073438744
88.5,0.02972871354356427,-30.536477673678,0.00018796849810207364
88.75,0.02454600664841234,-32.200383049387526,-0.0051827068951519305
89.0,0.026140190431977798,-31.653825057611268,0.001594183783565458
89.25,0.02822795114398135,-30.986412857692308,0.002087760712003551
89.5,0.022547208850126503,-32.93814424696614,-0.005680742293854846
89.75,0.02468516341322636,-32.15127986865659,0.002137954563099856
90.0,0.029269875269588592,-30.67158256492889,0.004584711856362233
90.25,0.028848075477081136,-30.797663086649173,-0.00042179979250745597
90.5,0.03278727048801873,-29.685894729069737,0.003939195010937594
90.75,0.035772621731371856,-28.92898459529981,0.0029853512433531265
91.0,0.028183805485271895,-31.00000734298127,-0.0075888162460999616
91.25,0.022281003113828506,-33.04130521302907,-0.005902802371443389
91.5,0.021590001848642577,-33.31494640918428,-0.0006910012651859289
91.75,0.02311446779463281,-32.722322032474544,0.0015244659459902332
92.0,0.02569851743338433,-31.801838614026444,0.0025840496387515184
92.25,0.023017745329028373,-32.758744386221174,-0.002680772104355956
92.5,0.02050118465320144,-33.764420853111666,-0.0025165606758269336
92.75,0.020120703568106364,-33.927136743854795,-0.0003804810850950753
93.0,0.022762563509512695,-32.85557658914489,0.0026418599414063312
93.25,0.022648366499757003,-32.899262314780195,-0.00011419700975569269
93.5,0.019273006919293394,-34.30101045311295,-0.003375359580463609
93.75,0.018658567812064302,-34.58243389427042,-0.0006144391072290915
94.0,0.016067861895682527,-35.880838193731975,-0.0025907059163817747
94.25,0.015265354219722322,-36.32586227562575,-0.0008025076759602054
94.5,0.018049675599273722,-34.870611981844675,0.0027843213795514
94.75,0.019634347872262196,-34.13967037246201,0.0015846722729884744
95.0,0.01919988196136444,-34.334028825149176,-0.000434465910897755
95.25,0.016953559368290454,-35.414782170858025,-0.0022463225930739877
95.5,0.016031043460991726,-35.900764169216124,-0.000922515907298728
95.75,0.0154797990900896,-36.204693604583674,-0.0005512443709021261
96.0,0.01440865834017764,-36.827529130632264,-0.0010711407499119589
96.25,0.014941944037381867,-36.51185788948049,0.0005332856972042263
96.5,0.021314979509733073,-33.426301609743355,0.006373035472351206
96.75,0.02765814572029239,-31.163538791117602,0.006343166210559317
97.0,0.021586956800970634,-33.31617155096781,-0.006071188919321756
97.25,0.015026452101334572,-36.46287097278241,-0.006560504699636063
97.5,0.01606830023453712,-35.88060124179604,0.0010418481332025477
97.75,0.016245606917007237,-35.78528118503445,0.00017730668247011722
98.0,0.014590699097975533,-36.71847797631389,-0.0016549078190317042
98.25,0.013347111261163589,-37.49225438434888,-0.0012435878368119435
98.5,0.012944095127938163,-37.75856607993102,-0.0004030161332254263
98.75,0.016156359654423445,-35.83312975199786,0.003212264526485282
99.0,0.0169538916480378,-35.41461193422107,0.0007975319936143546
99.25,0.016053918553605245,-35.888378892682915,-0.0008999730944325539
99.5,0.01663947715414787,-35.57720648422513,0.000585558600542626
99.75,0.01565156673321716,-36.1088436544037,-0.000987910420930712
100.0,0.01574516845296078,-36.05705377170243,9.360171974362105e-05
100.25,0.015621747222230309,-36.12540787656072,-0.00012342123073047148
100.5,0.014969943571054196,-36.495596733809194,-0.0006518036511761124
100.75,0.017139991379669022,-35.319788016201365,0.0021700478086148257
101.0,0.02190729975610864,-33.18822298539632,0.004767308376439617
101.25,0.02142259145008144,-33.38255989059674,-0.00048470830602720047
101.5,0.01868925694870581,-34.568159300467755,-0.002733334501375629
101.75,0.01991542878054918,-34.01620677484341,0.00122617183184337
102.0,0.022220648849160946,-33.06486527340237,0.0023052200686117658
102.25,0.02311352383728338,-32.7226767573532,0.0008928749881224329
102.5,0.021993540491173122,-33.154097056762716,-0.0011199833461102565
102.75,0.021826988467795138,-33.2201236198593,-0.00016655202337798394
103.0,0.022258366369206712,-33.0501342685255,0.000431377901411574
103.25,0.023327705039538314,-32.64255969241081,0.0010693386703316023
103.5,0.02741854946822881,-31.239110490691516,0.004090844428690496
103.75,0.03172694240415057,-29.97143559584558,0.004308392935921758
104.0,0.03627880629323456,-28.806940225158257,0.00455186388908399
104.25,0.034564628026440086,-29.22736224966506,-0.0017141782667944722
104.5,0.0302937563634273,-30.372937433841116,-0.004270871663012786
104.75,0.031195008340375613,-30.118297878112386,0.0009012519769483127
105.0,0.03180966823230899,-29.948817208984178,0.0006146598919333779
105.25,0.03031964884327891,-30.36551665834262,-0.0014900193890300811
105.5,0.032401512203648876,-29.788694408948665,0.0020818633603699663
105.75,0.0464317124569342,-26.663705974612483,0.014030200253285323
106.0,0.061598326599180166,-24.20862171715929,0.015166614142245967
106.25,0.0560857837703479,-25.02294413390198,-0.005512542828832269
106.5,0.04402980714003307,-27.125064336582167,-0.012055976630314824
106.75,0.04635341298739594,-26.678365667301314,0.002323605847362867
107.0,0.04677930605192186,-26.59892450031164,0.0004258930645259229
107.25,0.04165600179231789,-27.606448332714095,-0.005123304259603972
107.5,0.035670656548616654,-28.953777940369726,-0.005985345243701236
107.75,0.031663985363178854,-29.9886884775703,-0.0040066711854378
108.0,0.032760645196294555,-29.69295107421192,0.0010966598331157013
108.25,0.03831209394470676,-28.333282220472043,0.005551448748412208
108.5,0.05157600599778543,-25.75104584568647,0.01326391205307867
108.75,0.05174694655671213,-25.722305432304054,0.00017094055892669796
109.0,0.04726280398795793,-26.509610325758256,-0.0044841425687542
109.25,0.05026987660693027,-25.97384361573321,0.003007072618972338
109.5,0.04683598615331176,-26.58840662115115,-0.003433890453618506
109.75,0.044465503291514705,-27.039535753270222,-0.0023704828617970575
110.0,0.038283352483460216,-28.339800758682244,-0.006182150808054489
110.25,0.03106672240667686,-30.154091262769786,-0.007216630076783356
110.5,0.031157512849703858,-30.12874434369007,9.079044302699735e-05
110.75,0.03002659844625839,-30.44987727827063,-0.0011309144034454682
111.0,0.03145996966140546,-30.04483401025989,0.001433371215147073
111.25,0.039489933762873755,-28.07027189402488,0.008029964101468293
111.5,0.041238993066417255,-27.693838948567286,0.0017490593035435
111.75,0.03370770113106561,-29.44541730775484,-0.007531291935351646
112.0,0.026665783379075318,-31.480913064188766,-0.007041917751990291
112.25,0.022884699120197458,-32.809095862559865,-0.0037810842588778606
112.5,0.041390433823760675,-27.66200043225912,0.018505734703563217
112.75,0.04330772397814421,-27.268692797013436,0.0019172901543835358
113.0,0.02461420857626572,-32.176282471480384,-0.01869351540187849
113.25,0.04034203630927488,-27.884843681217696,0.01572782773300916
113.5,0.07020729535918509,-23.072355144853283,0.029865259049910206
113.75,0.052751623463011696,-25.555283402837667,-0.01745567189617339
114.0,0.02017714575405543,-33.902805374965865,-0.032574477708956266
114.25,0.018606939072741947,-34.606501288291604,-0.0015702066813134824
114.5,0.019253786632259715,-34.30967690523305,0.0006468475595177679
114.75,0.02021265658830055,-33.8875320510682,0.0009588699560408344
115.0,0.020072348440144498,-33.948036251931036,-0.0001403081481560521
115.25,0.020591550035351847,-33.72621920955576,0.0005192015952073491
115.5,0.021459175084142197,-33.36773953636368,0.0008676250487903506
115.75,0.019719141819346475,-34.102239790733805,-0.001740033264795722
116.0,0.01927680260902106,-34.2992999937056,-0.00044233921032541673
116.25,0.019747785995644862,-34.08963175602991,0.0004709833866238036
116.5,0.01774180858562035,-35.02004221189719,-0.0020059774100245134
116.75,0.01851175882278439,-34.651046329235776,0.0007699502371640403
117.0,0.020733032171113587,-33.66674356804229,0.002221273348329198
117.25,0.022360194154106727,-33.01048859520656,0.0016271619829931402
117.5,0.023812135017527894,-32.46403327191402,0.0014519408634211667
117.75,0.0250003786426523,-32.04106827327644,0.0011882436251244057
118.0,0.023498302244387537,-32.579270288263224,-0.001502076398264763
118.25,0.03545495883309519,-29.006460290761762,0.011956656588707655
118.5,0.039884676539701326,-27.983878513352266,0.004429717706606134
118.75,0.05010056977476167,-26.003146700594357,0.010215893235060343
119.0,0.04906021166110626,-26.185411648688675,-0.0010403581136554096
119.25,0.025384387527086494,-31.90866621491867,-0.023675824134019766
119.5,0.025026149674190794,-32.032119247104696,-0.00035823785289569934
119.75,0.028064851279986598,-31.036745096335316,0.0030387016057958037
120.0,0.02810213429188156,-31.02521390337746,3.728301189496325e-05
120.25,0.027766107841742355,-31.1296998777261,-0.00033602645013920684
120.5,0.026294864828090247,-31.602581147423944,-0.0014712430136521078
120.75,0.02702245585470902,-31.365503679103206,0.0007275910266187728
121.0,0.027882246905113817,-31.093444626109633,0.000859791050404797
121.25,0.02762743278817451,-31.173189378973163,-0.00025481411693930797
121.5,0.03241238197407275,-29.78578103278533,0.004784949185898241
121.75,0.03288083495945843,-29.66114325444292,0.000468452985385677
122.0,0.02612881040950507,-31.65760724664276,-0.006752024549953356
122.25,0.02057370585026161,-33.733749474034425,-0.005555104559243462
122.5,0.018448666549603306,-34.68070037399336,-0.0021250393006583025
122.75,0.019919388345744325,-34.01448002679271,0.001470721796141019
123.0,0.024021204996891494,-32.38810420942931,0.004101816651147169
123.25,0.024419784454709836,-32.245163474578625,0.00039857945781834186
123.5,0.02146685479153739,-33.364631627629095,-0.002952929663172444
123.75,0.022109508796830407,-33.10841811881148,0.0006426540052930155
124.0,0.027141752452946644,-31.327242296010503,0.0050322436561162365
124.25,0.03003559541045673,-30.447275087652258,0.0028938429575100857
124.5,0.03134824617080516,-30.07573502917788,0.0013126507603484286
124.75,0.036810289730702286,-28.68061528465301,0.005462043559897128
125.0,0.03690879094528967,-28.65740362274899,9.850121458738342e-05
125.25,0.03104178508851098,-30.161066242972222,-0.005867005856778691
125.5,0.03060067813634007,-30.285378981452435,-0.00044110695217090823
125.75,0.03315662637137271,-29.588593291264047,0.0025559482350326415
126.0,0.036842710638083004,-28.672968496599694,0.003686084266710292
126.25,0.042523920834475884,-27.42733398047827,0.00568121019639288
126.5,0.05103915774991133,-25.84193001926048,0.008515236915435445
126.75,0.051220857724292815,-25.811063065480354,0.00018169997438148566
127.0,0.04486649483525494,-26.961557161927935,-0.006354362889037873
127.25,0.04733960960641998,-26.495506557222946,0.00247311477116504
127.5,0.05018800971709243,-25.988000531701992,0.0028484001106724513
127.75,0.05212822163320437,-25.65854181744883,0.0019402119161119405
128.0,0.051909910172221255,-25.69499445278637,-0.00021831146098311854
128.25,0.05265914513661045,-25.57052390916873,0.0007492349643891949
128.5,0.05870978838628581,-24.625789699685598,0.006050643249675358
128.75,0.05667414949644279,-24.932299771215124,-0.002035638889843018
129.0,0.05266972256891107,-25.568779384387902,-0.0040044269275317165
129.25,0.04532665436861753,-26.87292671409911,-0.00734306820029354
129.5,0.03780836820502226,-28.448241324165878,-0.007518286163595275
129.75,0.04086156806752565,-27.773699425417014,0.0030531998625033946
130.0,0.04817138837015346,-26.344216729828585,0.007309820302627806
130.25,0.051796681097271105,-25.713961340571977,0.003625292727117646
130.5,0.05391993029247425,-25.365013558378713,0.002123249195203146
130.75,0.06046754768735611,-24.36955288421027,0.006547617394881862
131.0,0.06225257727878042,-24.116853278149115,0.0017850295914243058
131.25,0.06251308182656487,-24.080581806390036,0.0002605045477844514
131.5,0.05670287574603764,-24.92789829678064,-0.005810206080527229
131.75,0.05167077531780637,-25.73510043653283,-0.0050321004282312745
132.0,0.05146750985819121,-25.76933687225089,-0.00020326545961515952
132.25,0.050831677552933906,-25.87731114830494,-0.0006358323052573014
132.5,0.05104967063524869,-25.840141111236292,0.0002179930823147866
132.75,0.049269558054349086,-26.14842666600335,-0.0017801125808996066
133.0,0.05351371608910127,-25.43069779554438,0.004244158034752185
133.25,0.05719923683474078,-24.852195312334487,0.003685520745639506
133.5,0.05436599656336159,-25.293452933131668,-0.0028332402713791838
133.75,0.048632778453196926,-26.261418358232977,-0.005733218110164667
134.0,0.04362462515069529,-27.205365834580636,-0.005008153302501636
134.25,0.04375842207036108,-27.178766941013663,0.00013379691966579343
134.5,0.052360540791841506,-25.619917531908428,0.008602118721480423
134.75,0.05233817450791556,-25.623628581775463,-2.2366283925948083e-05
135.0,0.0528460965394346,-25.539741723822722,0.0005079220315190452
135.25,0.05863745967905108,-24.63649705343456,0.005791363139616479
135.5,0.05985266282616401,-24.45833046390893,0.001215203147112931
135.75,0.06109066979557936,-24.28050226496048,0.0012380069694153464
136.0,0.06350171053830214,-23.94429152005828,0.0024110407427227823
136.25,0.05988139806776885,-24.45416137216967,-0.0036203124705332934
136.5,0.0528005078068914,-25.547238012541715,-0.007080890260877451
136.75,0.05680962787779266,-24.91156110961985,0.004009120070901262
137.0,0.0650644307209843,-23.73312731398546,0.008254802843191647
137.25,0.07388472480392129,-22.62890679871974,0.008820294082936983
137.5,0.07652032012101953,-22.324464435483492,0.002635595317098241
137.75,0.07465403405248261,-22.538934389768762,-0.001866286068536921
138.0,0.06867392862026811,-23.264162145246893,-0.0059801054322145
138.25,0.081593010175502,-21.766940886637975,0.012919081555233886
138.5,0.07578062417437123,-22.408836438649097,-0.005812386001130765
138.75,0.05975970803582155,-24.471830659698888,-0.016020916138549682
139.0,0.09307961288444508,-20.62290863191429,0.03331990484862353
139.25,0.12371937044841218,-18.151245971735076,0.0306397575639671
139.5,0.11843170743030175,-18.5306401889288,-0.005287663018110428
139.75,0.11208458520673723,-19.009082220811273,-0.006347122223564525
140.0,0.11283018896293845,-18.951493690331326,0.0007456037562012241
140.25,0.10866823181585569,-19.277947989133494,-0.0041619571470827565
140.5,0.11801125334271487,-18.561531543360466,0.009343021526859174
140.75,0.08586982308356624,-21.323188637326798,-0.03214143025914863
141.0,0.042230231230731864,-27.487530811762202,-0.04363959185283437
141.25,0.06701965387446966,-23.475956388374165,0.024789422643737798
141.5,0.11254263915685525,-18.97365809459587,0.04552298528238559
141.75,0.1438335347712596,-16.842796928768053,0.031290895614404346
142.0,0.11469655723427788,-18.80899235621368,-0.029136977536981717
142.25,0.07864213813452872,-22.086893746896248,-0.03605441909974916
142.5,0.09590273978859246,-20.363379710913108,0.017260601654063734
142.75,0.10348844600823365,-19.702162688108803,0.007585706219641192
143.0,0.09726992931419165,-20.240427994412507,-0.006218516694041998
143.25,0.08703948710891395,-21.205673535360567,-0.010230442205277704
143.5,0.07575697478582682,-22.41154752793623,-0.011282512323087121
143.75,0.06294031553654415,-24.02142168353358,-0.012816659249282672
144.0,0.06039092456367859,-24.38056642877607,-0.0025493909728655645
144.25,0.07929122135630062,-22.0154978493918,0.018900296792622034
144.5,0.10292124767536437,-19.74989915275581,0.023630026319063746
144.75,0.11044110539001949,-19.137385104252438,0.007519857714655118
145.0,0.09892593831319083,-20.093796435038488,-0.011515167076828661
145.25,0.10198329838912093,-19.829418919843235,0.0030573600759301045
145.5,0.11833667711205056,-18.53761259702722,0.016353378722929635
145.75,0.11441986505776587,-18.82997137511754,-0.0039168120542846935
146.0,0.09612273536697069,-20.343477579187002,-0.01829712969079518
146.25,0.08310690836071856,-21.607257469282963,-0.013015827006252131
146.5,0.07212972669303237,-22.83771426774685,-0.010977181667686187
146.75,0.07036315080017067,-23.053094428940703,-0.0017665758928617076
147.0,0.07159974944979897,-22.90176994834731,0.001236598649628301
147.25,0.07383088128322302,-22.63523895158571,0.0022311318334240493
147.5,0.08463119254004853,-21.449390788467092,0.010800311256825512
147.75,0.08351072920320168,-21.565154481983196,-0.0011204633368468442
148.0,0.0645752961972147,-23.798671861991807,-0.01893543300598699
148.25,0.05819981568280866,-24.701567814779402,-0.0063754805144060345
148.5,0.061006057544591555,-24.292540798797617,0.002806241861782896
148.75,0.06419691429139347,-23.84971692709419,0.0031908567468019178
149.0,0.07035360972245688,-23.05427229500112,0.006156695431063411
149.25,0.06886667611844388,-23.239817558478606,-0.0014869336040130021
149.5,0.0687573236066705,-23.25362073308016,-0.00010935251177338068
149.75,0.062496072908735927,-24.08294543462746,-0.006261250697934574
150.0,0.05689125634398711,-24.89908950967862,-0.005604816564748816
150.25,0.051351014011373666,-25.789019522101185,-0.0055402423326134445
150.5,0.06601169163312072,-23.607582755072656,0.014660677621747054
150.75,0.07985895575580561,-21.953527459598497,0.013847264122684888
151.0,0.06378549694234595,-23.905561131998287,-0.01607345881345966
151.25,0.05652938752460103,-24.954514398596224,-0.007256109417744919
151.5,0.05917594524930617,-24.557095922320386,0.002646557724705137
151.75,0.061108962568063085,-24.27790178243727,0.0019330173187569188
152.0,0.061177164095179065,-24.268213177274063,6.820152711597971e-05
152.25,0.058404845258052236,-24.671022447484066,-0.002772318837126829
152.5,0.05772281923590627,-24.77304931417268,-0.0006820260221459679
152.75,0.06761105238973197,-23.39964608117984,0.009888233153825705
153.0,0.08319242568213586,-21.598324251531796,0.015581373292403888
153.25,0.09305255507556975,-20.625433946543865,0.009860129393433892
153.5,0.10059016397777196,-19.948889677567628,0.007537608902202203
153.75,0.09621472973883022,-20.335168714122368,-0.004375434238941739
154.0,0.09592973657741345,-20.36093496188762,-0.0002849931614167661
154.25,0.11333111273916285,-18.913016941926116,0.0174013761617494
154.5,0.12598646088825155,-17.99352247495367,0.012655348149088697
154.75,0.11644117753229566,-18.677868226528712,-0.009545283355955891
155.0,0.08914502543373254,-20.99805773547609,-0.02729615209856312
155.25,0.07246348234109545,-22.797615982453557,-0.016681543092637086
155.5,0.0653617280612079,-23.693529485094118,-0.007101754279887559
155.75,0.05649443523536127,-24.959886571102757,-0.008867292825846626
156.0,0.05472688864583235,-25.23598483650014,-0.0017675465895289205
156.25,0.05316643976143083,-25.48724841617232,-0.0015604488844015163
156.5,0.04594619039397628,-26.755009841826713,-0.007220249367454551
156.75,0.0411191455147948,-27.719118377157848,-0.00482704487918148
157.0,0.06630114151555201,-23.56957988437157,0.025181996000757212
157.25,0.07455044039418299,-22.550995733520093,0.008249298878630976
157.5,0.05928787190421255,-24.540682761159438,-0.015262568489970436
157.75,0.06530793499850908,-23.70068096343029,0.006020063094296528
158.0,0.05353033396480868,-25.42800094251055,-0.011777601033700402
158.25,0.039792829788440814,-28.00390351501622,-0.013737504176367862
158.5,0.04150885335801943,-27.637185268217912,0.0017160235695786175
158.75,0.0436585535769441,-27.198613134114808,0.0021497002189246675
159.0,0.04254842967758238,-27.42232927305023,-0.0011101238993617216
159.25,0.04213462947604816,-27.5072164163813,-0.00041380020153421876
159.5,0.0440025541289364,-27.130442282847277,0.0018679246528882434
159.75,0.04753784688404807,-26.459209850187257,0.00353529275511167
160.0,0.05187822674914842,-25.700297539109588,0.004340379865100351
160.25,0.050746843100965486,-25.891819389887214,-0.0011313836481829376
160.5,0.04065306059446412,-27.81813505321363,-0.010093782506501364
160.75,0.03369650768493257,-29.448302143594617,-0.006956552909531552
161.0,0.039108242672749136,-28.15463397205455,0.005411734987816566
161.25,0.06601563215404185,-23.607064272551533,0.026907389481292718
161.5,0.08270175283983419,-21.649705711963662,0.01668612068579234
161.75,0.08141707065988532,-21.785690546796175,-0.0012846821799488706
162.0,0.09088168296600085,-20.83047278395643,0.009464612306115533
162.25,0.09441263893892249,-20.49939726352089,0.0035309559729216344
162.5,0.08350088862966137,-21.566178053120982,-0.010911750309261115
162.75,0.09468944283507166,-20.47396877761587,0.01118855420541029
163.0,0.11200845051310573,-19.014984212096497,0.01731900767803407
163.25,0.12783157541450813,-17.86723717473141,0.01582312490140239
163.5,0.1378778892249429,-17.21010747663985,0.010046313810434776
163.75,0.12606532755736286,-17.988086868163514,-0.011812561667580046
164.0,0.09283370959932258,-20.645885899096825,-0.03323161795804028
164.25,0.09902625467197931,-20.084992926648187,0.0061925450726567355
164.5,0.16729789730271122,-15.530190349327608,0.0682716426307319
164.75,0.1671000328127106,-15.54046929646945,-0.00019786449000061546
165.0,0.11233474826946543,-18.98971767123615,-0.05476528454324517
165.25,0.10007944480548678,-19.99310225137426,-0.012255303463978656
165.5,0.09867959914067165,-20.115452467576638,-0.0013998456648151303
165.75,0.07854682259033807,-22.097427570585573,-0.020132776550333575
166.0,0.08472534987548411,-21.439732581033244,0.006178527285146035
166.25,0.10272268172797915,-19.766673024426776,0.017997331852495038
166.5,0.11409707725283094,-18.854509609232707,0.011374395524851796
166.75,0.11669726156727181,-18.65878670081367,0.0026001843144408676
167.0,0.11086234696355049,-19.10431863196219,-0.0058349146037213195
167.25,0.1134131498122988,-18.906731755376683,0.0025508028487483125
167.5,0.10800380883909348,-19.331218570063392,-0.0054093409732053205
167.75,0.09695636766686896,-20.268473261936556,-0.011047441172224517
168.0,0.1020767332368987,-19.821464742571102,0.0051203655700297335
168.25,0.1102638999760205,-19.15133301628503,0.008187166739121801
168.5,0.10599498406655672,-19.4942937217469,-0.00426891590946378
168.75,0.10398097926766714,-19.66092193597612,-0.0020140047988895793
169.0,0.08562996672754909,-21.347484494458747,-0.018351012540118047
169.25,0.05888953480714158,-24.599237526632642,-0.02674043192040751
169.5,0.06570485160588652,-23.648051224236198,0.006815316798744933
169.75,0.0790204881831324,-22.045205831987946,0.013315636577245882
170.0,0.07369685199533357,-22.65102125769562,-0.005323636187798825
170.25,0.06416776948424097,-23.853661136285524,-0.009529082511092607
170.5,0.05275065597396017,-25.555442707511887,-0.011417113510280796
170.75,0.04841701055349377,-26.30004058031752,-0.004333645420466402
171.0,0.040846062355392405,-27.776996079726167,-0.007570948198101363
171.25,0.018789845949695266,-34.52153560931172,-0.02205621640569714
171.5,0.007821723502570618,-42.13395080678781,-0.010968122447124648
171.75,0.014526723268481366,-36.756646731889944,0.006704999765910748
172.0,0.019995085306987036,-33.981534772635705,0.00546836203850567
172.25,0.0168768332885879,-35.45418079150174,-0.003118252018399135
172.5,0.018727143188464974,-34.55056937687332,0.0018503098998770735
172.75,0.02285046023816572,-32.82210096455912,0.004123317049700745
173.0,0.023392763369058663,-32.618369445406756,0.0005423031308929432
173.25,0.022776151348888923,-32.85039319839238,-0.0006166120201697399
173.5,0.019156147009178753,-34.353836774137534,-0.0036200043397101693
173.75,0.018539128619569575,-34.63821364997044,-0.0006170183896091787
174.0,0.02233151586921363,-33.02163591768043,0.0037923872496440567
174.25,0.01882365931630138,-34.50591891803784,-0.003507856552912251
174.5,0.017912568966759284,-34.93684248903406,-0.0009110903495420965
174.75,0.021454479375853215,-33.369640395409355,0.003541910409093931
175.0,0.022567878696254977,-32.93018522373794,0.0011133993204017617
175.25,0.026525474154147168,-31.526736882840837,0.003957595457892191
175.5,0.025897400479077685,-31.73487654371627,-0.0006280736750694828
175.75,0.02207641870313757,-33.12142755289642,-0.0038209817759401153
176.0,0.019881503700976473,-34.0310154322006,-0.0021949150021610964
176.25,0.02122187111727048,-33.464326545814316,0.0013403674162940082
176.5,0.024206217832304686,-32.3214612557279,0.0029843467150342043
176.75,0.021366524012225552,-33.40532249510188,-0.002839693820079134
177.0,0.020710707150118326,-33.676101444066774,-0.0006558168621072259
177.25,0.019103455406755,-34.377761420706776,-0.0016072517433633263
177.5,0.016234180271014715,-35.79139271461673,-0.0028692751357402846
177.75,0.02063841434256572,-33.706473455134145,0.004404234071551005
178.0,0.02346830524691735,-32.59036543261508,0.00282989090435163
178.25,0.024260943701522902,-32.301846198962636,0.0007926384546055529
178.5,0.022231132784093322,-33.0607681461272,-0.00202981091742958
178.75,0.01938083820035158,-34.25254888177347,-0.002850294583741742
179.0,0.018189144243095784,-34.803754659532466,-0.001191693957255796
179.25,0.016430320966582118,-35.68707905012015,-0.0017588232765136658
179.5,0.015183146522255421,-36.37276433682117,-0.0012471744443266972
179.75,0.017494240380949974,-35.14209820576455,0.002311093858694553
180.0,0.021795099318212247,-33.23282295165726,0.004300858937262272
180.25,0.02037678285574385,-33.817287650805554,-0.0014183164624683962
180.5,0.025298608418344772,-31.938067341243364,0.004921825562600922
180.75,0.02995601951722341,-30.470317902307617,0.004657411098878638
181.0,0.025931050877242116,-31.723597654297684,-0.004024968639981294
181.25,0.02471952451301777,-32.13919774522782,-0.001211526364224346
181.5,0.027002413477680617,-31.371948336354002,0.0022828889646628464
181.75,0.02408887638073505,-32.363669141247684,-0.002913537096945567
182.0,0.022055733711843502,-33.12956980542033,-0.002033142668891548
182.25,0.024542077910526042,-32.20177339020344,0.0024863441986825406
182.5,0.02192040241104415,-33.18302954779894,-0.0026216754994818937
182.75,0.02271415523047144,-32.87406821034188,0.0007937528194272916
183.0,0.024013245737290176,-32.390982695602084,0.0012990905068187356
183.25,0.023626815074257207,-32.531896357420436,-0.0003864306630329689
183.5,0.022106426241467397,-33.109629208691416,-0.0015203888327898103
183.75,0.019822952420790373,-34.05663322809419,-0.002283473820677024
184.0,0.020702096330080525,-33.67971349769901,0.0008791439092901525
184.25,0.022214981351993256,-33.0670809392977,0.0015128850219127306
184.5,0.023571490611457746,-32.55225905439633,0.0013565092594644904
184.75,0.02042925486160925,-33.79494947103059,-0.003142235749848496
185.0,0.022408691665520404,-32.991669980943236,0.001979436803911154
185.25,0.024768292884058782,-32.122078508693384,0.0023596012185383777
185.5,0.022949310083604353,-32.784607318833345,-0.0018189828004544287
185.75,0.02373268411811013,-32.493062823350854,0.0007833740345057766
186.0,0.0257117554899208,-31.797365410750253,0.0019790713718106714
186.25,0.027039350741344986,-31.360074814077073,0.0013275952514241844
186.5,0.023209192268485182,-32.686799473526676,-0.0038301584728598036
186.75,0.020214537002655908,-33.8867240270564,-0.002994655265829274
187.0,0.01837269461507827,-34.716542871627915,-0.0018418423875776364
187.25,0.01774405736265481,-35.0189413437828,-0.0006286372524234619
187.5,0.022765621056714317,-32.85440994839924,0.0050215636940595075
187.75,0.02357292641561813,-32.55172998914242,0.0008073053589038141
188.0,0.01807601509841341,-34.85794609124116,-0.005496911317204721
188.25,0.019130602792657832,-34.365426908042835,0.0010545876942444216
188.5,0.02117256321314568,-33.48453123604668,0.0020419604204878483
188.75,0.022928696313225118,-32.792412755932375,0.0017561331000794378
189.0,0.02316379809666979,-32.703804583157,0.0002351017834446717
189.25,0.022648475642569006,-32.89922045745085,-0.0005153224541007834
189.5,0.023556420940922307,-32.557813872986706,0.0009079452983533007
189.75,0.02114402812715411,-33.49624544257612,-0.002412392813768198
190.0,0.021851320377099782,-33.2104463083358,0.0007072922499456735
190.25,0.023166096002333096,-32.70294296430836,0.0013147756252333137
190.5,0.024328208686879363,-32.277797349217224,0.0011621126845462668
190.75,0.02358473165579419,-32.547381214430054,-0.000743477031085172
191.0,0.02352651651681016,-32.568847448055294,-5.8215138984029496e-05
191.25,0.02379959426307704,-32.468608934814675,0.0002730777462668782
191.5,0.021177148249056706,-33.48265046214346,-0.002622446014020334
191.75,0.021598214607609266,-33.31164295631132,0.00042106635855256036
192.0,0.023017393928894028,-32.758876990263865,0.0014191793212847623
192.25,0.024610261820971487,-32.177675318603356,0.0015928678920774583
192.5,0.026827008932416442,-31.42855492235362,0.0022167471114449555
192.75,0.02453645418073965,-32.2037639589678,-0.0022905547516767905
193.0,0.019946553695070507,-34.00264259109416,-0.004589900485669145
193.25,0.020252295502704756,-33.87051488790809,0.0003057418076342494
193.5,0.02484381675240494,-32.09563365492691,0.004591521249700185
193.75,0.02928366729263053,-30.667490720541778,0.004439850540225589
194.0,0.033857778978923954,-29.406830687329585,0.004574111686293424
194.25,0.03579893333617546,-28.922598267502458,0.0019411543572515066
194.5,0.03663577181748557,-28.72189309192851,0.0008368384813101093
194.75,0.038311711651993804,-28.333368892030272,0.0016759398345082346
195.0,0.04071508913314892,-27.804892202108302,0.002403377481155114
195.25,0.047400608139100034,-26.48432172761728,0.0066855190059511155
195.5,0.05055901345035403,-25.924028179012325,0.003158405311253998
195.75,0.05168537170510111,-25.732647121202316,0.0011263582547470785
196.0,0.06367311493174203,-23.920878072611362,0.011987743226640923
196.25,0.07775215697087667,-22.185751081909338,0.01407904203913464
196.5,0.08209649752964848,-21.71350741438566,0.004344340558771809
196.75,0.0870505059699993,-21.204574005057207,0.004954008440350821
197.0,0.08584459783867725,-21.32574059182888,-0.001205908131322056
197.25,0.0946263504546207,-20.47975818867725,0.008781752615943453
197.5,0.10661886467207127,-19.443318927094385,0.011992514217450567
197.75,0.10277885891878871,-19.761924165706176,-0.003840005753282555
198.0,0.10368549726572966,-19.685639702981234,0.0009066383469409495
198.25,0.10741749660927111,-19.378499463528765,0.003731999343541445
198.5,0.10278194342837459,-19.76166349626389,-0.004635553180896521
198.75,0.09414373012668842,-20.524171964697494,-0.008638213301686168
199.0,0.09181637202643927,-20.74159743322788,-0.002327358100249144
199.25,0.08846968746838665,-21.06411013854514,-0.0033466845580526206
199.5,0.08418008057333715,-21.495813257915014,-0.004289606895049508
199.75,0.06995541597202307,-23.1035731327656,-0.01422466460131408
200.0,0.04834779110811388,-26.312467259349418,-0.021607624863909186
200.25,0.04964201266457935,-26.083012379148904,0.001294221556465469
200.5,0.032537072532778516,-29.752430490564294,-0.017104940131800833
200.75,0.003565299246437855,-48.95808025000512,-0.028971773286340662
201.0,,,
