time_sec,cue_on,cue_impulse,cue_value,cue_index_active,cue_phase_sin,cue_phase_cos,cue_nominal_frequency_hz
0.0,0.0,0.0,0.0,0.0,0.0,1.0,0.3333333333333333
0.25,0.0,0.0,0.0,0.0,0.49999999999999994,0.8660254037844387,0.3333333333333333
0.5,0.0,0.0,0.0,0.0,0.8660254037844386,0.5000000000000001,0.3333333333333333
0.75,0.0,0.0,0.0,0.0,1.0,6.123233995736766e-17,0.3333333333333333
1.0,0.0,0.0,0.0,0.0,0.8660254037844387,-0.4999999999999998,0.3333333333333333
1.25,0.0,0.0,0.0,0.0,0.5000000000000003,-0.8660254037844385,0.3333333333333333
1.5,0.0,0.0,0.0,0.0,1.2246467991473532e-16,-1.0,0.3333333333333333
1.75,0.0,0.0,0.0,0.0,-0.4999999999999997,-0.8660254037844388,0.3333333333333333
2.0,0.0,0.0,0.0,0.0,-0.8660254037844385,-0.5000000000000004,0.3333333333333333
2.25,0.0,0.0,0.0,0.0,-1.0,-1.8369701987210297e-16,0.3333333333333333
2.5,0.0,0.0,0.0,0.0,-0.866025403784439,0.49999999999999933,0.3333333333333333
2.75,0.0,0.0,0.0,0.0,-0.5000000000000004,0.8660254037844384,0.3333333333333333
3.0,0.0,0.0,0.0,0.0,-2.4492935982947064e-16,1.0,0.3333333333333333
3.25,0.0,0.0,0.0,0.0,0.4999999999999993,0.866025403784439,0.3333333333333333
3.5,0.0,0.0,0.0,0.0,0.8660254037844384,0.5000000000000004,0.3333333333333333
3.75,0.0,0.0,0.0,0.0,1.0,1.1943401194869635e-15,0.3333333333333333
4.0,0.0,0.0,0.0,0.0,0.8660254037844392,-0.4999999999999992,0.3333333333333333
4.25,0.0,1.0,0.0,0.0,0.5000000000000013,-0.8660254037844379,0.3333333333333333
4.5,1.0,0.0,8.0,1.0,3.6739403974420594e-16,-1.0,0.3333333333333333
4.75,1.0,0.0,8.0,1.0,-0.49999999999999917,-0.8660254037844392,0.3333333333333333
5.0,1.0,0.0,8.0,1.0,-0.8660254037844378,-0.5000000000000013,0.3333333333333333
5.25,0.0,0.0,0.0,0.0,-1.0,-4.286263797015736e-16,0.3333333333333333
5.5,0.0,0.0,0.0,0.0,-0.8660254037844392,0.4999999999999991,0.3333333333333333
5.75,0.0,0.0,0.0,0.0,-0.5000000000000014,0.8660254037844378,0.3333333333333333
6.0,0.0,0.0,0.0,0.0,-4.898587196589413e-16,1.0,0.3333333333333333
6.25,0.0,0.0,0.0,0.0,0.49999999999999906,0.8660254037844392,0.3333333333333333
6.5,0.0,0.0,0.0,0.0,0.8660254037844378,0.5000000000000014,0.3333333333333333
6.75,0.0,0.0,0.0,0.0,1.0,2.3274478990165594e-15,0.3333333333333333
7.0,0.0,0.0,0.0,0.0,0.8660254037844393,-0.499999999999999,0.3333333333333333
7.25,0.0,1.0,0.0,0.0,0.5000000000000016,-0.8660254037844377,0.3333333333333333
7.5,1.0,0.0,9.0,2.0,2.388680238973927e-15,-1.0,0.3333333333333333
7.75,1.0,0.0,9.0,2.0,-0.49999999999999895,-0.8660254037844393,0.3333333333333333
8.0,1.0,0.0,9.0,2.0,-0.8660254037844377,-0.5000000000000016,0.3333333333333333
8.25,0.0,0.0,0.0,0.0,-1.0,-2.4499125789312946e-15,0.3333333333333333
8.5,0.0,0.0,0.0,0.0,-0.8660254037844402,0.49999999999999734,0.3333333333333333
8.75,0.0,0.0,0.0,0.0,-0.5000000000000032,0.8660254037844368,0.3333333333333333
9.0,0.0,0.0,0.0,0.0,-7.347880794884119e-16,1.0,0.3333333333333333
9.25,0.0,0.0,0.0,0.0,0.49999999999999883,0.8660254037844393,0.3333333333333333
9.5,0.0,0.0,0.0,0.0,0.8660254037844377,0.5000000000000017,0.3333333333333333
9.75,0.0,0.0,0.0,0.0,1.0,2.57237725884603e-15,0.3333333333333333
10.0,0.0,0.0,0.0,0.0,0.8660254037844403,-0.4999999999999972,0.3333333333333333
10.25,0.0,1.0,0.0,0.0,0.5000000000000033,-0.8660254037844367,0.3333333333333333
10.5,1.0,0.0,1.0,3.0,8.572527594031472e-16,-1.0,0.3333333333333333
10.75,1.0,0.0,1.0,3.0,-0.4999999999999987,-0.8660254037844394,0.3333333333333333
11.0,1.0,0.0,1.0,3.0,-0.8660254037844376,-0.5000000000000018,0.3333333333333333
11.25,0.0,0.0,0.0,0.0,-1.0,-2.6948419387607653e-15,0.3333333333333333
11.5,0.0,0.0,0.0,0.0,-0.8660254037844403,0.4999999999999971,0.3333333333333333
11.75,0.0,0.0,0.0,0.0,-0.5000000000000034,0.8660254037844367,0.3333333333333333
12.0,0.0,0.0,0.0,0.0,-9.797174393178826e-16,1.0,0.3333333333333333
12.25,0.0,0.0,0.0,0.0,0.4999999999999986,0.8660254037844395,0.3333333333333333
12.5,0.0,0.0,0.0,0.0,0.8660254037844375,0.5000000000000019,0.3333333333333333
12.75,0.0,0.0,0.0,0.0,1.0,2.8173066186755008e-15,0.3333333333333333
13.0,0.0,0.0,0.0,0.0,0.8660254037844404,-0.499999999999997,0.3333333333333333
13.25,0.0,1.0,0.0,0.0,0.5000000000000034,-0.8660254037844366,0.3333333333333333
13.5,1.0,0.0,7.0,4.0,4.654895798033119e-15,-1.0,0.3333333333333333
13.75,1.0,0.0,7.0,4.0,-0.4999999999999985,-0.8660254037844395,0.3333333333333333
14.0,1.0,0.0,7.0,4.0,-0.8660254037844375,-0.500000000000002,0.3333333333333333
14.25,0.0,0.0,0.0,0.0,-1.0,-2.939771298590236e-15,0.3333333333333333
14.5,0.0,0.0,0.0,0.0,-0.8660254037844404,0.49999999999999695,0.3333333333333333
14.75,0.0,0.0,0.0,0.0,-0.5000000000000036,0.8660254037844366,0.3333333333333333
15.0,0.0,0.0,0.0,0.0,-4.777360477947854e-15,1.0,0.3333333333333333
15.25,0.0,0.0,0.0,0.0,0.4999999999999984,0.8660254037844396,0.3333333333333333
15.5,0.0,0.0,0.0,0.0,0.8660254037844374,0.5000000000000021,0.3333333333333333
15.75,0.0,0.0,0.0,0.0,1.0,6.614949657305472e-15,0.3333333333333333
16.0,0.0,0.0,0.0,0.0,0.8660254037844405,-0.49999999999999684,0.3333333333333333
16.25,0.0,1.0,0.0,0.0,0.5000000000000007,-0.8660254037844383,0.3333333333333333
16.5,1.0,0.0,7.0,5.0,4.899825157862589e-15,-1.0,0.3333333333333333
16.75,1.0,0.0,7.0,5.0,-0.4999999999999983,-0.8660254037844396,0.3333333333333333
17.0,1.0,0.0,7.0,5.0,-0.8660254037844356,-0.5000000000000053,0.3333333333333333
17.25,0.0,0.0,0.0,0.0,-1.0,-3.1847006584197066e-15,0.3333333333333333
17.5,0.0,0.0,0.0,0.0,-0.8660254037844423,0.4999999999999936,0.3333333333333333
17.75,0.0,0.0,0.0,0.0,-0.5000000000000038,0.8660254037844365,0.3333333333333333
18.0,0.0,0.0,0.0,0.0,-1.4695761589768238e-15,1.0,0.3333333333333333
18.25,0.0,0.0,0.0,0.0,0.4999999999999951,0.8660254037844415,0.3333333333333333
18.5,0.0,0.0,0.0,0.0,0.8660254037844373,0.5000000000000023,0.3333333333333333
18.75,0.0,0.0,0.0,0.0,1.0,6.859879017134943e-15,0.3333333333333333
19.0,0.0,0.0,0.0,0.0,0.8660254037844406,-0.4999999999999966,0.3333333333333333
19.25,0.0,1.0,0.0,0.0,0.5000000000000009,-0.8660254037844382,0.3333333333333333
19.5,1.0,0.0,3.0,6.0,5.14475451769206e-15,-1.0,0.3333333333333333
19.75,1.0,0.0,3.0,6.0,-0.4999999999999981,-0.8660254037844397,0.3333333333333333
20.0,1.0,0.0,3.0,6.0,-0.8660254037844355,-0.5000000000000056,0.3333333333333333
20.25,0.0,0.0,0.0,0.0,-1.0,-3.4296300182491773e-15,0.3333333333333333
20.5,0.0,0.0,0.0,0.0,-0.8660254037844425,0.4999999999999934,0.3333333333333333
20.75,0.0,0.0,0.0,0.0,-0.500000000000004,0.8660254037844363,0.3333333333333333
21.0,0.0,0.0,0.0,0.0,-1.7145055188062944e-15,1.0,0.3333333333333333
21.25,0.0,0.0,0.0,0.0,0.4999999999999949,0.8660254037844416,0.3333333333333333
21.5,0.0,0.0,0.0,0.0,0.8660254037844372,0.5000000000000026,0.3333333333333333
21.75,0.0,0.0,0.0,0.0,1.0,7.1048083769644134e-15,0.3333333333333333
22.0,0.0,0.0,0.0,0.0,0.8660254037844407,-0.4999999999999964,0.3333333333333333
22.25,0.0,1.0,0.0,0.0,0.5000000000000072,-0.8660254037844345,0.3333333333333333
22.5,1.0,0.0,8.0,7.0,5.3896838775215305e-15,-1.0,0.3333333333333333
22.75,1.0,0.0,8.0,7.0,-0.4999999999999979,-0.8660254037844398,0.3333333333333333
23.0,1.0,0.0,8.0,7.0,-0.8660254037844354,-0.5000000000000058,0.3333333333333333
23.25,0.0,0.0,0.0,0.0,-1.0,-3.674559378078648e-15,0.3333333333333333
23.5,0.0,0.0,0.0,0.0,-0.8660254037844426,0.4999999999999932,0.3333333333333333
23.75,0.0,0.0,0.0,0.0,-0.5000000000000042,0.8660254037844362,0.3333333333333333
24.0,0.0,0.0,0.0,0.0,-1.959434878635765e-15,1.0,0.3333333333333333
24.25,0.0,0.0,0.0,0.0,0.49999999999999467,0.8660254037844417,0.3333333333333333
24.5,0.0,0.0,0.0,0.0,0.866025403784437,0.5000000000000028,0.3333333333333333
24.75,0.0,0.0,0.0,0.0,1.0,7.349737736793884e-15,0.3333333333333333
25.0,0.0,0.0,0.0,0.0,0.8660254037844408,-0.49999999999999617,0.3333333333333333
25.25,0.0,1.0,0.0,0.0,0.5000000000000074,-0.8660254037844344,0.3333333333333333
25.5,1.0,0.0,4.0,8.0,5.6346132373510016e-15,-1.0,0.3333333333333333
25.75,1.0,0.0,4.0,8.0,-0.49999999999999767,-0.86602540378444,0.3333333333333333
26.0,1.0,0.0,4.0,8.0,-0.8660254037844353,-0.5000000000000059,0.3333333333333333
26.25,0.0,0.0,0.0,0.0,-1.0,-3.919488737908119e-15,0.3333333333333333
26.5,0.0,0.0,0.0,0.0,-0.8660254037844427,0.499999999999993,0.3333333333333333
26.75,0.0,0.0,0.0,0.0,-0.5000000000000044,0.866025403784436,0.3333333333333333
27.0,0.0,0.0,0.0,0.0,-9.309791596066238e-15,1.0,0.3333333333333333
27.25,0.0,0.0,0.0,0.0,0.4999999999999945,0.8660254037844418,0.3333333333333333
27.5,0.0,0.0,0.0,0.0,0.8660254037844369,0.500000000000003,0.3333333333333333
27.75,0.0,0.0,0.0,0.0,1.0,7.594667096623355e-15,0.3333333333333333
28.0,0.0,0.0,0.0,0.0,0.8660254037844409,-0.49999999999999595,0.3333333333333333
28.25,0.0,1.0,0.0,0.0,0.5000000000000077,-0.8660254037844343,0.3333333333333333
28.5,1.0,0.0,9.0,9.0,5.879542597180472e-15,-1.0,0.3333333333333333
28.75,1.0,0.0,9.0,9.0,-0.4999999999999913,-0.8660254037844437,0.3333333333333333
29.0,1.0,0.0,9.0,9.0,-0.8660254037844352,-0.5000000000000061,0.3333333333333333
29.25,0.0,0.0,0.0,0.0,-1.0,-4.164418097737589e-15,0.3333333333333333
29.5,0.0,0.0,0.0,0.0,-0.8660254037844428,0.4999999999999928,0.3333333333333333
29.75,0.0,0.0,0.0,0.0,-0.5000000000000047,0.8660254037844359,0.3333333333333333
30.0,0.0,0.0,0.0,0.0,-9.554720955895708e-15,1.0,0.3333333333333333
30.25,0.0,0.0,0.0,0.0,0.4999999999999943,0.8660254037844419,0.3333333333333333
30.5,0.0,0.0,0.0,0.0,0.8660254037844368,0.5000000000000032,0.3333333333333333
30.75,0.0,0.0,0.0,0.0,1.0,7.839596456452825e-15,0.3333333333333333
31.0,0.0,0.0,0.0,0.0,0.866025403784441,-0.4999999999999957,0.3333333333333333
31.25,0.0,1.0,0.0,0.0,0.5000000000000017,-0.8660254037844377,0.3333333333333333
31.5,1.0,0.0,5.0,10.0,1.3229899314610944e-14,-1.0,0.3333333333333333
31.75,1.0,0.0,5.0,10.0,-0.49999999999999106,-0.8660254037844438,0.3333333333333333
32.0,1.0,0.0,5.0,10.0,-0.8660254037844349,-0.5000000000000063,0.3333333333333333
32.25,0.0,0.0,0.0,0.0,-1.0,-4.40934745756706e-15,0.3333333333333333
32.5,0.0,0.0,0.0,0.0,-0.8660254037844394,0.4999999999999987,0.3333333333333333
32.75,0.0,0.0,0.0,0.0,-0.500000000000011,0.8660254037844323,0.3333333333333333
33.0,0.0,0.0,0.0,0.0,-9.799650315725178e-15,1.0,0.3333333333333333
33.25,0.0,0.0,0.0,0.0,0.49999999999999406,0.866025403784442,0.3333333333333333
33.5,0.0,0.0,0.0,0.0,0.8660254037844367,0.5000000000000034,0.3333333333333333
33.75,0.0,0.0,0.0,0.0,1.0,9.790984586812941e-16,0.3333333333333333
34.0,0.0,0.0,0.0,0.0,0.8660254037844448,-0.4999999999999894,0.3333333333333333
34.25,0.0,1.0,0.0,0.0,0.5000000000000081,-0.8660254037844339,0.3333333333333333
34.5,1.0,0.0,1.0,11.0,6.369401316839413e-15,-1.0,0.3333333333333333
34.75,1.0,0.0,1.0,11.0,-0.499999999999997,-0.8660254037844404,0.3333333333333333
35.0,1.0,0.0,1.0,11.0,-0.8660254037844313,-0.5000000000000128,0.3333333333333333
35.25,0.0,0.0,0.0,0.0,-1.0,-1.1759704174997533e-14,0.3333333333333333
35.5,0.0,0.0,0.0,0.0,-0.866025403784443,0.49999999999999234,0.3333333333333333
35.75,0.0,0.0,0.0,0.0,-0.5000000000000051,0.8660254037844357,0.3333333333333333
36.0,0.0,0.0,0.0,0.0,-2.9391523179536475e-15,1.0,0.3333333333333333
36.25,0.0,0.0,0.0,0.0,0.4999999999999877,0.8660254037844457,0.3333333333333333
36.5,0.0,0.0,0.0,0.0,0.866025403784433,0.5000000000000098,0.3333333333333333
36.75,0.0,0.0,0.0,0.0,1.0,8.329455176111767e-15,0.3333333333333333
37.0,0.0,0.0,0.0,0.0,0.8660254037844414,-0.49999999999999534,0.3333333333333333
37.25,0.0,1.0,0.0,0.0,0.5000000000000021,-0.8660254037844374,0.3333333333333333
37.5,1.0,0.0,4.0,12.0,1.3719758034269886e-14,-1.0,0.3333333333333333
37.75,1.0,0.0,4.0,12.0,-0.4999999999999907,-0.866025403784444,0.3333333333333333
38.0,1.0,0.0,4.0,12.0,-0.8660254037844347,-0.5000000000000068,0.3333333333333333
38.25,0.0,0.0,0.0,0.0,-1.0,-4.899206177226001e-15,0.3333333333333333
38.5,0.0,0.0,0.0,0.0,-0.8660254037844396,0.4999999999999983,0.3333333333333333
38.75,0.0,0.0,0.0,0.0,-0.5000000000000114,0.866025403784432,0.3333333333333333
39.0,0.0,0.0,0.0,0.0,-1.028950903538412e-14,1.0,0.3333333333333333
39.25,0.0,0.0,0.0,0.0,0.4999999999999936,0.8660254037844423,0.3333333333333333
39.5,0.0,0.0,0.0,0.0,0.8660254037844365,0.5000000000000038,0.3333333333333333
39.75,0.0,0.0,0.0,0.0,1.0,1.5679811893542238e-14,0.3333333333333333
40.0,0.0,0.0,0.0,0.0,0.866025403784445,-0.49999999999998895,0.3333333333333333
40.25,0.0,1.0,0.0,0.0,0.5000000000000084,-0.8660254037844337,0.3333333333333333
40.5,1.0,0.0,10.0,13.0,6.859260036498355e-15,-1.0,0.3333333333333333
40.75,1.0,0.0,10.0,13.0,-0.4999999999999966,-0.8660254037844406,0.3333333333333333
41.0,1.0,0.0,10.0,13.0,-0.866025403784431,-0.5000000000000131,0.3333333333333333
41.25,0.0,0.0,0.0,0.0,-1.0,-1.2249562894656474e-14,0.3333333333333333
41.5,0.0,0.0,0.0,0.0,-0.8660254037844433,0.49999999999999195,0.3333333333333333
41.75,0.0,0.0,0.0,0.0,-0.5000000000000056,0.8660254037844355,0.3333333333333333
42.0,0.0,0.0,0.0,0.0,-3.429011037612589e-15,1.0,0.3333333333333333
42.25,0.0,0.0,0.0,0.0,0.49999999999998723,0.866025403784446,0.3333333333333333
42.5,0.0,0.0,0.0,0.0,0.8660254037844327,0.5000000000000102,0.3333333333333333
42.75,0.0,0.0,0.0,0.0,1.0,8.819313895770708e-15,0.3333333333333333
43.0,0.0,0.0,0.0,0.0,0.8660254037844416,-0.4999999999999949,0.3333333333333333
43.25,0.0,1.0,0.0,0.0,0.5000000000000026,-0.8660254037844372,0.3333333333333333
43.5,1.0,0.0,10.0,14.0,1.4209616753928827e-14,-1.0,0.3333333333333333
43.75,1.0,0.0,10.0,14.0,-0.49999999999999023,-0.8660254037844443,0.3333333333333333
44.0,1.0,0.0,10.0,14.0,-0.8660254037844345,-0.5000000000000072,0.3333333333333333
44.25,0.0,0.0,0.0,0.0,-1.0,-5.389064896884942e-15,0.3333333333333333
44.5,0.0,0.0,0.0,0.0,-0.8660254037844469,0.49999999999998557,0.3333333333333333
44.75,0.0,0.0,0.0,0.0,-0.5000000000000119,0.8660254037844318,0.3333333333333333
45.0,0.0,0.0,0.0,0.0,-1.0779367755043061e-14,1.0,0.3333333333333333
45.25,0.0,0.0,0.0,0.0,0.4999999999999932,0.8660254037844426,0.3333333333333333
45.5,0.0,0.0,0.0,0.0,0.8660254037844362,0.5000000000000042,0.3333333333333333
45.75,0.0,0.0,0.0,0.0,1.0,1.6169670613201182e-14,0.3333333333333333
46.0,0.0,0.0,0.0,0.0,0.8660254037844453,-0.49999999999998856,0.3333333333333333
46.25,0.0,1.0,0.0,0.0,0.5000000000000089,-0.8660254037844335,0.3333333333333333
46.5,1.0,0.0,6.0,15.0,7.349118756157295e-15,-1.0,0.3333333333333333
46.75,1.0,0.0,6.0,15.0,-0.49999999999999617,-0.8660254037844408,0.3333333333333333
47.0,1.0,0.0,6.0,15.0,-0.8660254037844308,-0.5000000000000135,0.3333333333333333
47.25,0.0,0.0,0.0,0.0,-1.0,-1.2739421614315414e-14,0.3333333333333333
47.5,0.0,0.0,0.0,0.0,-0.8660254037844436,0.4999999999999915,0.3333333333333333
47.75,0.0,0.0,0.0,0.0,-0.5000000000000059,0.8660254037844353,0.3333333333333333
48.0,0.0,0.0,0.0,0.0,-3.91886975727153e-15,1.0,0.3333333333333333
48.25,0.0,0.0,0.0,0.0,0.49999999999998684,0.8660254037844463,0.3333333333333333
48.5,0.0,0.0,0.0,0.0,0.8660254037844325,0.5000000000000107,0.3333333333333333
48.75,0.0,0.0,0.0,0.0,1.0,9.309172615429648e-15,0.3333333333333333
49.0,0.0,0.0,0.0,0.0,0.8660254037844418,-0.4999999999999945,0.3333333333333333
49.25,0.0,1.0,0.0,0.0,0.5000000000000153,-0.8660254037844298,0.3333333333333333
49.5,1.0,0.0,6.0,16.0,1.469947547358777e-14,-1.0,0.3333333333333333
49.75,1.0,0.0,6.0,16.0,-0.4999999999999898,-0.8660254037844445,0.3333333333333333
50.0,1.0,0.0,6.0,16.0,-0.8660254037844343,-0.5000000000000077,0.3333333333333333
50.25,0.0,0.0,0.0,0.0,-1.0,-5.8789236165438834e-15,0.3333333333333333
50.5,0.0,0.0,0.0,0.0,-0.8660254037844473,0.4999999999999851,0.3333333333333333
50.75,0.0,0.0,0.0,0.0,-0.5000000000000123,0.8660254037844316,0.3333333333333333
51.0,0.0,0.0,0.0,0.0,-1.1269226474702003e-14,1.0,0.3333333333333333
51.25,0.0,0.0,0.0,0.0,0.4999999999999928,0.8660254037844428,0.3333333333333333
51.5,0.0,0.0,0.0,0.0,0.8660254037844359,0.5000000000000047,0.3333333333333333
51.75,0.0,0.0,0.0,0.0,1.0,1.6659529332860122e-14,0.3333333333333333
52.0,0.0,0.0,0.0,0.0,0.8660254037844455,-0.4999999999999881,0.3333333333333333
52.25,0.0,1.0,0.0,0.0,0.5000000000000093,-0.8660254037844333,0.3333333333333333
52.5,1.0,0.0,4.0,17.0,7.838977475816237e-15,-1.0,0.3333333333333333
52.75,1.0,0.0,4.0,17.0,-0.49999999999998346,-0.8660254037844481,0.3333333333333333
53.0,1.0,0.0,4.0,17.0,-0.8660254037844306,-0.500000000000014,0.3333333333333333
53.25,0.0,0.0,0.0,0.0,-1.0,-1.3229280333974356e-14,0.3333333333333333
53.5,0.0,0.0,0.0,0.0,-0.8660254037844438,0.49999999999999106,0.3333333333333333
53.75,0.0,0.0,0.0,0.0,-0.5000000000000063,0.8660254037844349,0.3333333333333333
54.0,0.0,0.0,0.0,0.0,-1.8619583192132475e-14,1.0,0.3333333333333333
54.25,0.0,0.0,0.0,0.0,0.4999999999999864,0.8660254037844465,0.3333333333333333
54.5,0.0,0.0,0.0,0.0,0.8660254037844323,0.500000000000011,0.3333333333333333
54.75,0.0,0.0,0.0,0.0,1.0,9.79903133508859e-15,0.3333333333333333
55.0,0.0,0.0,0.0,0.0,0.866025403784442,-0.49999999999999406,0.3333333333333333
55.25,0.0,1.0,0.0,0.0,0.5000000000000157,-0.8660254037844296,0.3333333333333333
55.5,1.0,0.0,6.0,18.0,1.518933419324671e-14,-1.0,0.3333333333333333
55.75,1.0,0.0,6.0,18.0,-0.4999999999999894,-0.8660254037844448,0.3333333333333333
56.0,1.0,0.0,6.0,18.0,-0.866025403784434,-0.5000000000000081,0.3333333333333333
56.25,0.0,0.0,0.0,0.0,-1.0,-6.368782336202825e-15,0.3333333333333333
56.5,0.0,0.0,0.0,0.0,-0.8660254037844475,0.49999999999998473,0.3333333333333333
56.75,0.0,0.0,0.0,0.0,-0.5000000000000128,0.8660254037844313,0.3333333333333333
57.0,0.0,0.0,0.0,0.0,-1.1759085194360944e-14,1.0,0.3333333333333333
57.25,0.0,0.0,0.0,0.0,0.49999999999999234,0.866025403784443,0.3333333333333333
57.5,0.0,0.0,0.0,0.0,0.8660254037844286,0.5000000000000174,0.3333333333333333
57.75,0.0,0.0,0.0,0.0,1.0,1.7149388052519063e-14,0.3333333333333333
58.0,0.0,0.0,0.0,0.0,0.8660254037844457,-0.4999999999999877,0.3333333333333333
58.25,0.0,1.0,0.0,0.0,0.5000000000000098,-0.866025403784433,0.3333333333333333
58.5,1.0,0.0,3.0,19.0,8.328836195475178e-15,-1.0,0.3333333333333333
58.75,1.0,0.0,3.0,19.0,-0.499999999999983,-0.8660254037844485,0.3333333333333333
59.0,1.0,0.0,3.0,19.0,-0.8660254037844303,-0.5000000000000144,0.3333333333333333
59.25,0.0,0.0,0.0,0.0,-1.0,-1.3719139053633297e-14,0.3333333333333333
59.5,0.0,0.0,0.0,0.0,-0.866025403784444,0.4999999999999907,0.3333333333333333
59.75,0.0,0.0,0.0,0.0,-0.5000000000000068,0.8660254037844347,0.3333333333333333
60.0,0.0,0.0,0.0,0.0,-1.9109441911791416e-14,1.0,0.3333333333333333
60.25,0.0,0.0,0.0,0.0,0.499999999999986,0.8660254037844467,0.3333333333333333
60.5,0.0,0.0,0.0,0.0,0.866025403784432,0.5000000000000114,0.3333333333333333
60.75,0.0,0.0,0.0,0.0,1.0,1.0288890054747531e-14,0.3333333333333333
61.0,0.0,0.0,0.0,0.0,0.8660254037844423,-0.4999999999999936,0.3333333333333333
61.25,0.0,1.0,0.0,0.0,0.5000000000000038,-0.8660254037844365,0.3333333333333333
61.5,1.0,0.0,4.0,20.0,1.567919291290565e-14,-1.0,0.3333333333333333
61.75,1.0,0.0,4.0,20.0,-0.4999999999999767,-0.8660254037844521,0.3333333333333333
62.0,1.0,0.0,4.0,20.0,-0.8660254037844337,-0.5000000000000084,0.3333333333333333
62.25,0.0,0.0,0.0,0.0,-1.0,-2.106949577106377e-14,0.3333333333333333
62.5,0.0,0.0,0.0,0.0,-0.8660254037844406,0.4999999999999966,0.3333333333333333
62.75,0.0,0.0,0.0,0.0,-0.5000000000000131,0.866025403784431,0.3333333333333333
63.0,0.0,0.0,0.0,0.0,-2.6459798629221888e-14,1.0,0.3333333333333333
63.25,0.0,0.0,0.0,0.0,0.49999999999999195,0.8660254037844433,0.3333333333333333
63.5,0.0,0.0,0.0,0.0,0.8660254037844284,0.5000000000000178,0.3333333333333333
63.75,0.0,0.0,0.0,0.0,1.0,3.4283920569760004e-15,0.3333333333333333
64.0,0.0,0.0,0.0,0.0,0.866025403784446,-0.49999999999998723,0.3333333333333333
64.25,0.0,1.0,0.0,0.0,0.5000000000000225,-0.8660254037844257,0.3333333333333333
64.5,1.0,0.0,7.0,21.0,8.81869491513412e-15,-1.0,0.3333333333333333
64.75,1.0,0.0,7.0,21.0,-0.49999999999998257,-0.8660254037844487,0.3333333333333333
65.0,1.0,0.0,7.0,21.0,-0.8660254037844372,-0.5000000000000026,0.3333333333333333
65.25,0.0,0.0,0.0,0.0,-1.0,-1.4208997773292239e-14,0.3333333333333333
65.5,0.0,0.0,0.0,0.0,-0.8660254037844514,0.4999999999999779,0.3333333333333333
65.75,0.0,0.0,0.0,0.0,-0.5000000000000072,0.8660254037844345,0.3333333333333333
66.0,0.0,0.0,0.0,0.0,-1.9599300631450357e-14,1.0,0.3333333333333333
66.25,0.0,0.0,0.0,0.0,0.4999999999999979,0.8660254037844398,0.3333333333333333
66.5,0.0,0.0,0.0,0.0,0.8660254037844318,0.5000000000000119,0.3333333333333333
66.75,0.0,0.0,0.0,0.0,1.0,2.4989603489608476e-14,0.3333333333333333
67.0,0.0,0.0,0.0,0.0,0.8660254037844426,-0.4999999999999932,0.3333333333333333
67.25,0.0,1.0,0.0,0.0,0.5000000000000165,-0.866025403784429,0.3333333333333333
67.5,1.0,0.0,5.0,22.0,1.9581969173625882e-15,-1.0,0.3333333333333333
67.75,1.0,0.0,5.0,22.0,-0.49999999999998856,-0.8660254037844453,0.3333333333333333
68.0,1.0,0.0,5.0,22.0,-0.8660254037844264,-0.5000000000000212,0.3333333333333333
68.25,0.0,0.0,0.0,0.0,-1.0,-7.348499775520708e-15,0.3333333333333333
68.5,0.0,0.0,0.0,0.0,-0.8660254037844479,0.49999999999998385,0.3333333333333333
68.75,0.0,0.0,0.0,0.0,-0.5000000000000259,0.8660254037844237,0.3333333333333333
69.0,0.0,0.0,0.0,0.0,-1.2738802633678827e-14,1.0,0.3333333333333333
69.25,0.0,0.0,0.0,0.0,0.4999999999999792,0.8660254037844506,0.3333333333333333
69.5,0.0,0.0,0.0,0.0,0.8660254037844353,0.5000000000000059,0.3333333333333333
69.75,0.0,0.0,0.0,0.0,1.0,1.8129105491836944e-14,0.3333333333333333
70.0,0.0,0.0,0.0,0.0,0.8660254037844534,-0.4999999999999745,0.3333333333333333
70.25,0.0,1.0,0.0,0.0,0.5000000000000107,-0.8660254037844325,0.3333333333333333
70.5,1.0,0.0,9.0,23.0,2.3519408349995066e-14,-1.0,0.3333333333333333
70.75,1.0,0.0,9.0,23.0,-0.4999999999999945,-0.8660254037844418,0.3333333333333333
71.0,1.0,0.0,9.0,23.0,-0.8660254037844298,-0.5000000000000153,0.3333333333333333
71.25,0.0,0.0,0.0,0.0,-1.0,-2.890971120815318e-14,0.3333333333333333
71.5,0.0,0.0,0.0,0.0,-0.8660254037844445,0.4999999999999898,0.3333333333333333
71.75,0.0,0.0,0.0,0.0,-0.50000000000002,0.8660254037844272,0.3333333333333333
72.0,0.0,0.0,0.0,0.0,-5.878304635907295e-15,1.0,0.3333333333333333
72.25,0.0,0.0,0.0,0.0,0.4999999999999851,0.8660254037844473,0.3333333333333333
72.5,0.0,0.0,0.0,0.0,0.8660254037844244,0.5000000000000246,0.3333333333333333
72.75,0.0,0.0,0.0,0.0,1.0,1.1268607494065414e-14,0.3333333333333333
73.0,0.0,0.0,0.0,0.0,0.8660254037844499,-0.49999999999998046,0.3333333333333333
73.25,0.0,1.0,0.0,0.0,0.5000000000000047,-0.8660254037844359,0.3333333333333333
73.5,1.0,0.0,3.0,24.0,1.6658910352223535e-14,-1.0,0.3333333333333333
73.75,1.0,0.0,3.0,24.0,-0.4999999999999758,-0.8660254037844526,0.3333333333333333
74.0,1.0,0.0,3.0,24.0,-0.8660254037844333,-0.5000000000000093,0.3333333333333333
74.25,0.0,0.0,0.0,0.0,-1.0,-2.2049213210381653e-14,0.3333333333333333
74.5,0.0,0.0,0.0,0.0,-0.866025403784441,0.4999999999999958,0.3333333333333333
74.75,0.0,0.0,0.0,0.0,-0.500000000000014,0.8660254037844306,0.3333333333333333
75.0,0.0,0.0,0.0,0.0,-2.7439516068539772e-14,1.0,0.3333333333333333
75.25,0.0,0.0,0.0,0.0,0.4999999999999911,0.8660254037844438,0.3333333333333333
75.5,0.0,0.0,0.0,0.0,0.8660254037844278,0.5000000000000187,0.3333333333333333
75.75,0.0,0.0,0.0,0.0,1.0,4.408109496293883e-15,0.3333333333333333
76.0,0.0,0.0,0.0,0.0,0.8660254037844465,-0.4999999999999864,0.3333333333333333
76.25,0.0,1.0,0.0,0.0,0.5000000000000233,-0.8660254037844252,0.3333333333333333
76.5,1.0,0.0,5.0,25.0,9.798412354452001e-15,-1.0,0.3333333333333333
76.75,1.0,0.0,5.0,25.0,-0.49999999999998174,-0.8660254037844491,0.3333333333333333
77.0,1.0,0.0,5.0,25.0,-0.8660254037844367,-0.5000000000000034,0.3333333333333333
77.25,0.0,0.0,0.0,0.0,-1.0,-1.5188715212610122e-14,0.3333333333333333
77.5,0.0,0.0,0.0,0.0,-0.8660254037844519,0.4999999999999771,0.3333333333333333
77.75,0.0,0.0,0.0,0.0,-0.5000000000000081,0.866025403784434,0.3333333333333333
78.0,0.0,0.0,0.0,0.0,-2.057901807076824e-14,1.0,0.3333333333333333
78.25,0.0,0.0,0.0,0.0,0.4999999999999724,0.8660254037844546,0.3333333333333333
78.5,0.0,0.0,0.0,0.0,0.8660254037844313,0.5000000000000128,0.3333333333333333
78.75,0.0,0.0,0.0,0.0,1.0,2.596932092892636e-14,0.3333333333333333
79.0,0.0,0.0,0.0,0.0,0.866025403784443,-0.49999999999999234,0.3333333333333333
79.25,0.0,1.0,0.0,0.0,0.5000000000000174,-0.8660254037844286,0.3333333333333333
79.5,1.0,0.0,3.0,26.0,3.1359623787084476e-14,-1.0,0.3333333333333333
79.75,1.0,0.0,3.0,26.0,-0.4999999999999877,-0.8660254037844457,0.3333333333333333
80.0,1.0,0.0,3.0,26.0,-0.8660254037844259,-0.5000000000000221,0.3333333333333333
80.25,0.0,0.0,0.0,0.0,-1.0,-8.32821721483859e-15,0.3333333333333333
80.5,0.0,0.0,0.0,0.0,-0.8660254037844485,0.499999999999983,0.3333333333333333
80.75,0.0,0.0,0.0,0.0,-0.5000000000000268,0.8660254037844233,0.3333333333333333
81.0,0.0,0.0,0.0,0.0,-1.371852007299671e-14,1.0,0.3333333333333333
81.25,0.0,0.0,0.0,0.0,0.49999999999997835,0.8660254037844511,0.3333333333333333
81.5,0.0,0.0,0.0,0.0,0.8660254037844347,0.5000000000000068,0.3333333333333333
81.75,0.0,0.0,0.0,0.0,1.0,1.9108822931154828e-14,0.3333333333333333
82.0,0.0,0.0,0.0,0.0,0.8660254037844538,-0.4999999999999737,0.3333333333333333
82.25,0.0,1.0,0.0,0.0,0.5000000000000114,-0.866025403784432,0.3333333333333333
82.5,1.0,0.0,2.0,27.0,2.4499125789312947e-14,-1.0,0.3333333333333333
82.75,1.0,0.0,2.0,27.0,-0.4999999999999936,-0.8660254037844423,0.3333333333333333
83.0,1.0,0.0,2.0,27.0,-0.8660254037844294,-0.5000000000000161,0.3333333333333333
83.25,0.0,0.0,0.0,0.0,-1.0,-2.988942864747106e-14,0.3333333333333333
83.5,0.0,0.0,0.0,0.0,-0.866025403784445,0.49999999999998895,0.3333333333333333
83.75,0.0,0.0,0.0,0.0,-0.5000000000000208,0.8660254037844266,0.3333333333333333
84.0,0.0,0.0,0.0,0.0,-6.858022075225178e-15,1.0,0.3333333333333333
84.25,0.0,0.0,0.0,0.0,0.4999999999999843,0.8660254037844477,0.3333333333333333
84.5,0.0,0.0,0.0,0.0,0.8660254037844239,0.5000000000000254,0.3333333333333333
84.75,0.0,0.0,0.0,0.0,1.0,1.2248324933383297e-14,0.3333333333333333
85.0,0.0,0.0,0.0,0.0,0.8660254037844504,-0.4999999999999796,0.3333333333333333
85.25,0.0,1.0,0.0,0.0,0.5000000000000056,-0.8660254037844355,0.3333333333333333
85.5,1.0,0.0,9.0,28.0,1.7638627791541416e-14,-1.0,0.3333333333333333
85.75,1.0,0.0,9.0,28.0,-0.49999999999997496,-0.8660254037844531,0.3333333333333333
86.0,1.0,0.0,9.0,28.0,-0.8660254037844327,-0.5000000000000102,0.3333333333333333
86.25,0.0,0.0,0.0,0.0,-1.0,-2.3028930649699535e-14,0.3333333333333333
86.5,0.0,0.0,0.0,0.0,-0.8660254037844416,0.4999999999999949,0.3333333333333333
86.75,0.0,0.0,0.0,0.0,-0.5000000000000149,0.86602540378443,0.3333333333333333
87.0,0.0,0.0,0.0,0.0,-2.8419233507857654e-14,1.0,0.3333333333333333
87.25,0.0,0.0,0.0,0.0,0.49999999999999023,0.8660254037844443,0.3333333333333333
87.5,0.0,0.0,0.0,0.0,0.8660254037844274,0.5000000000000195,0.3333333333333333
87.75,0.0,0.0,0.0,0.0,1.0,3.3809536366015776e-14,0.3333333333333333
88.0,0.0,0.0,0.0,0.0,0.8660254037844469,-0.49999999999998557,0.3333333333333333
88.25,0.0,1.0,0.0,0.0,0.5000000000000242,-0.8660254037844247,0.3333333333333333
88.5,1.0,0.0,1.0,29.0,1.0778129793769884e-14,-1.0,0.3333333333333333
88.75,1.0,0.0,1.0,29.0,-0.4999999999999809,-0.8660254037844497,0.3333333333333333
89.0,1.0,0.0,1.0,29.0,-0.866025403784422,-0.5000000000000289,0.3333333333333333
89.25,0.0,0.0,0.0,0.0,-1.0,-1.6168432651928003e-14,0.3333333333333333
89.5,0.0,0.0,0.0,0.0,-0.8660254037844524,0.49999999999997624,0.3333333333333333
89.75,0.0,0.0,0.0,0.0,-0.5000000000000089,0.8660254037844335,0.3333333333333333
90.0,0.0,0.0,0.0,0.0,-2.1558735510086122e-14,1.0,0.3333333333333333
90.25,0.0,0.0,0.0,0.0,0.4999999999999716,0.866025403784455,0.3333333333333333
90.5,0.0,0.0,0.0,0.0,0.8660254037844308,0.5000000000000135,0.3333333333333333
90.75,0.0,0.0,0.0,0.0,1.0,2.694903836824424e-14,0.3333333333333333
91.0,0.0,0.0,0.0,0.0,0.8660254037844436,-0.4999999999999915,0.3333333333333333
91.25,0.0,1.0,0.0,0.0,0.5000000000000182,-0.8660254037844282,0.3333333333333333
91.5,1.0,0.0,5.0,30.0,3.2339341226402363e-14,-1.0,0.3333333333333333
91.75,1.0,0.0,5.0,30.0,-0.49999999999998684,-0.8660254037844463,0.3333333333333333
92.0,1.0,0.0,5.0,30.0,-0.8660254037844254,-0.5000000000000229,0.3333333333333333
92.25,0.0,0.0,0.0,0.0,-1.0,-9.307934654156473e-15,0.3333333333333333
92.5,0.0,0.0,0.0,0.0,-0.8660254037844489,0.4999999999999822,0.3333333333333333
92.75,0.0,0.0,0.0,0.0,-0.5000000000000275,0.8660254037844227,0.3333333333333333
93.0,0.0,0.0,0.0,0.0,-1.469823751231459e-14,1.0,0.3333333333333333
93.25,0.0,0.0,0.0,0.0,0.4999999999999775,0.8660254037844516,0.3333333333333333
93.5,0.0,0.0,0.0,0.0,0.8660254037844343,0.5000000000000077,0.3333333333333333
93.75,0.0,0.0,0.0,0.0,1.0,2.008854037047271e-14,0.3333333333333333
94.0,0.0,0.0,0.0,0.0,0.8660254037844544,-0.49999999999997286,0.3333333333333333
94.25,0.0,1.0,0.0,0.0,0.5000000000000123,-0.8660254037844315,0.3333333333333333
94.5,1.0,0.0,5.0,31.0,2.547884322863083e-14,-1.0,0.3333333333333333
94.75,1.0,0.0,5.0,31.0,-0.4999999999999928,-0.8660254037844428,0.3333333333333333
95.0,1.0,0.0,5.0,31.0,-0.8660254037844288,-0.500000000000017,0.3333333333333333
95.25,0.0,0.0,0.0,0.0,-1.0,-3.086914608678895e-14,0.3333333333333333
95.5,0.0,0.0,0.0,0.0,-0.8660254037844455,0.4999999999999881,0.3333333333333333
95.75,0.0,0.0,0.0,0.0,-0.5000000000000216,0.8660254037844262,0.3333333333333333
96.0,0.0,0.0,0.0,0.0,-7.83773951454306e-15,1.0,0.3333333333333333
96.25,0.0,0.0,0.0,0.0,0.49999999999998346,0.8660254037844481,0.3333333333333333
96.5,0.0,0.0,0.0,0.0,0.8660254037844235,0.5000000000000263,0.3333333333333333
96.75,0.0,0.0,0.0,0.0,1.0,1.322804237270118e-14,0.3333333333333333
97.0,0.0,0.0,0.0,0.0,0.8660254037844509,-0.4999999999999788,0.3333333333333333
97.25,0.0,1.0,0.0,0.0,0.500000000000031,-0.8660254037844207,0.3333333333333333
97.5,1.0,0.0,8.0,32.0,1.8618345230859297e-14,-1.0,0.3333333333333333
97.75,1.0,0.0,8.0,32.0,-0.49999999999997413,-0.8660254037844536,0.3333333333333333
98.0,1.0,0.0,8.0,32.0,-0.8660254037844323,-0.500000000000011,0.3333333333333333
98.25,0.0,0.0,0.0,0.0,-1.0,-2.400864808901742e-14,0.3333333333333333
98.5,0.0,0.0,0.0,0.0,-0.8660254037844562,0.49999999999996947,0.3333333333333333
98.75,0.0,0.0,0.0,0.0,-0.5000000000000157,0.8660254037844296,0.3333333333333333
99.0,0.0,0.0,0.0,0.0,-2.939895094717554e-14,1.0,0.3333333333333333
99.25,0.0,0.0,0.0,0.0,0.4999999999999894,0.8660254037844448,0.3333333333333333
99.5,0.0,0.0,0.0,0.0,0.8660254037844269,0.5000000000000203,0.3333333333333333
99.75,0.0,0.0,0.0,0.0,1.0,3.478925380533366e-14,0.3333333333333333
100.0,0.0,0.0,0.0,0.0,0.8660254037844475,-0.49999999999998473,0.3333333333333333
100.25,0.0,1.0,0.0,0.0,0.500000000000025,-0.8660254037844242,0.3333333333333333
100.5,1.0,0.0,7.0,33.0,1.1757847233087767e-14,-1.0,0.3333333333333333
100.75,1.0,0.0,7.0,33.0,-0.49999999999998007,-0.8660254037844501,0.3333333333333333
101.0,1.0,0.0,7.0,33.0,-0.8660254037844215,-0.5000000000000298,0.3333333333333333
101.25,0.0,0.0,0.0,0.0,-1.0,-1.7148150091245887e-14,0.3333333333333333
101.5,0.0,0.0,0.0,0.0,-0.8660254037844528,0.4999999999999754,0.3333333333333333
101.75,0.0,0.0,0.0,0.0,-0.5000000000000098,0.866025403784433,0.3333333333333333
102.0,0.0,0.0,0.0,0.0,-2.2538452949404006e-14,1.0,0.3333333333333333
102.25,0.0,0.0,0.0,0.0,0.4999999999999707,0.8660254037844556,0.3333333333333333
102.5,0.0,0.0,0.0,0.0,0.8660254037844304,0.5000000000000144,0.3333333333333333
102.75,0.0,0.0,0.0,0.0,1.0,2.7928755807562125e-14,0.3333333333333333
103.0,0.0,0.0,0.0,0.0,0.866025403784444,-0.4999999999999907,0.3333333333333333
103.25,0.0,1.0,0.0,0.0,0.5000000000000191,-0.8660254037844276,0.3333333333333333
103.5,1.0,0.0,1.0,34.0,3.3319058665720244e-14,-1.0,0.3333333333333333
103.75,1.0,0.0,1.0,34.0,-0.499999999999986,-0.8660254037844467,0.3333333333333333
104.0,1.0,0.0,1.0,34.0,-0.8660254037844249,-0.5000000000000238,0.3333333333333333
104.25,0.0,0.0,0.0,0.0,-1.0,-1.0287652093474354e-14,0.3333333333333333
104.5,0.0,0.0,0.0,0.0,-0.8660254037844494,0.49999999999998135,0.3333333333333333
104.75,0.0,0.0,0.0,0.0,-0.5000000000000284,0.8660254037844223,0.3333333333333333
105.0,0.0,0.0,0.0,0.0,-1.5677954951632475e-14,1.0,0.3333333333333333
105.25,0.0,0.0,0.0,0.0,0.4999999999999767,0.8660254037844521,0.3333333333333333
105.5,0.0,0.0,0.0,0.0,0.8660254037844195,0.5000000000000331,0.3333333333333333
105.75,0.0,0.0,0.0,0.0,1.0,2.1068257809790594e-14,0.3333333333333333
106.0,0.0,0.0,0.0,0.0,0.8660254037844548,-0.49999999999997197,0.3333333333333333
106.25,0.0,1.0,0.0,0.0,0.5000000000000131,-0.866025403784431,0.3333333333333333
106.5,1.0,0.0,2.0,35.0,2.6458560667948713e-14,-1.0,0.3333333333333333
106.75,1.0,0.0,2.0,35.0,-0.4999999999999673,-0.8660254037844575,0.3333333333333333
107.0,1.0,0.0,2.0,35.0,-0.8660254037844284,-0.5000000000000178,0.3333333333333333
107.25,0.0,0.0,0.0,0.0,-1.0,-3.184886352610683e-14,0.3333333333333333
107.5,0.0,0.0,0.0,0.0,-0.866025403784446,0.4999999999999873,0.3333333333333333
107.75,0.0,0.0,0.0,0.0,-0.5000000000000225,0.8660254037844257,0.3333333333333333
108.0,0.0,0.0,0.0,0.0,-3.723916638426495e-14,1.0,0.3333333333333333
108.25,0.0,0.0,0.0,0.0,0.4999999999999826,0.8660254037844487,0.3333333333333333
108.5,0.0,0.0,0.0,0.0,0.8660254037844229,0.5000000000000272,0.3333333333333333
108.75,0.0,0.0,0.0,0.0,1.0,1.4207759812019062e-14,0.3333333333333333
109.0,0.0,0.0,0.0,0.0,0.8660254037844514,-0.4999999999999779,0.3333333333333333
109.25,0.0,1.0,0.0,0.0,0.5000000000000319,-0.8660254037844203,0.3333333333333333
109.5,1.0,0.0,6.0,36.0,1.959806267017718e-14,-1.0,0.3333333333333333
109.75,1.0,0.0,6.0,36.0,-0.49999999999997324,-0.866025403784454,0.3333333333333333
110.0,1.0,0.0,6.0,36.0,-0.8660254037844318,-0.5000000000000119,0.3333333333333333
110.25,0.0,0.0,0.0,0.0,-1.0,-2.49883655283353e-14,0.3333333333333333
110.5,0.0,0.0,0.0,0.0,-0.8660254037844568,0.4999999999999686,0.3333333333333333
110.75,0.0,0.0,0.0,0.0,-0.5000000000000165,0.866025403784429,0.3333333333333333
111.0,0.0,0.0,0.0,0.0,-3.037866838649342e-14,1.0,0.3333333333333333
111.25,0.0,0.0,0.0,0.0,0.49999999999998856,0.8660254037844453,0.3333333333333333
111.5,0.0,0.0,0.0,0.0,0.8660254037844264,0.5000000000000212,0.3333333333333333
111.75,0.0,0.0,0.0,0.0,1.0,3.576897124465154e-14,0.3333333333333333
112.0,0.0,0.0,0.0,0.0,0.8660254037844479,-0.49999999999998385,0.3333333333333333
112.25,0.0,1.0,0.0,0.0,0.5000000000000259,-0.8660254037844237,0.3333333333333333
112.5,1.0,0.0,9.0,37.0,1.273756467240565e-14,-1.0,0.3333333333333333
112.75,1.0,0.0,9.0,37.0,-0.4999999999999792,-0.8660254037844506,0.3333333333333333
113.0,1.0,0.0,9.0,37.0,-0.866025403784421,-0.5000000000000305,0.3333333333333333
113.25,0.0,0.0,0.0,0.0,-1.0,-1.812786753056377e-14,0.3333333333333333
113.5,0.0,0.0,0.0,0.0,-0.8660254037844534,0.4999999999999745,0.3333333333333333
113.75,0.0,0.0,0.0,0.0,-0.5000000000000107,0.8660254037844325,0.3333333333333333
114.0,0.0,0.0,0.0,0.0,-2.3518170388721888e-14,1.0,0.3333333333333333
114.25,0.0,0.0,0.0,0.0,0.49999999999996986,0.866025403784456,0.3333333333333333
114.5,0.0,0.0,0.0,0.0,0.8660254037844298,0.5000000000000153,0.3333333333333333
114.75,0.0,0.0,0.0,0.0,1.0,2.8908473246880007e-14,0.3333333333333333
115.0,0.0,0.0,0.0,0.0,0.8660254037844587,-0.4999999999999652,0.3333333333333333
115.25,0.0,1.0,0.0,0.0,0.50000000000002,-0.8660254037844272,0.3333333333333333
115.5,1.0,0.0,7.0,38.0,3.4298776105038126e-14,-1.0,0.3333333333333333
115.75,1.0,0.0,7.0,38.0,-0.4999999999999851,-0.8660254037844473,0.3333333333333333
116.0,1.0,0.0,7.0,38.0,-0.8660254037844244,-0.5000000000000246,0.3333333333333333
116.25,0.0,0.0,0.0,0.0,-1.0,-3.9689078963196245e-14,0.3333333333333333
116.5,0.0,0.0,0.0,0.0,-0.8660254037844499,0.49999999999998046,0.3333333333333333
116.75,0.0,0.0,0.0,0.0,-0.5000000000000293,0.8660254037844217,0.3333333333333333
117.0,0.0,0.0,0.0,0.0,-1.6657672390950356e-14,1.0,0.3333333333333333
117.25,0.0,0.0,0.0,0.0,0.4999999999999758,0.8660254037844526,0.3333333333333333
117.5,0.0,0.0,0.0,0.0,0.8660254037844191,0.500000000000034,0.3333333333333333
117.75,0.0,0.0,0.0,0.0,1.0,2.2047975249108475e-14,0.3333333333333333
118.0,0.0,0.0,0.0,0.0,0.8660254037844552,-0.49999999999997113,0.3333333333333333
118.25,0.0,1.0,0.0,0.0,0.500000000000014,-0.8660254037844306,0.3333333333333333
118.5,1.0,0.0,10.0,39.0,2.7438278107266594e-14,-1.0,0.3333333333333333
118.75,1.0,0.0,10.0,39.0,-0.49999999999996647,-0.866025403784458,0.3333333333333333
119.0,1.0,0.0,10.0,39.0,-0.8660254037844278,-0.5000000000000187,0.3333333333333333
119.25,0.0,0.0,0.0,0.0,-1.0,-3.282858096542471e-14,0.3333333333333333
119.5,0.0,0.0,0.0,0.0,-0.8660254037844465,0.4999999999999864,0.3333333333333333
119.75,0.0,0.0,0.0,0.0,-0.5000000000000233,0.8660254037844252,0.3333333333333333
120.0,0.0,0.0,0.0,0.0,-3.821888382358283e-14,1.0,0.3333333333333333
120.25,0.0,0.0,0.0,0.0,0.49999999999998174,0.8660254037844491,0.3333333333333333
120.5,0.0,0.0,0.0,0.0,0.8660254037844225,0.500000000000028,0.3333333333333333
120.75,0.0,0.0,0.0,0.0,1.0,1.5187477251336943e-14,0.3333333333333333
121.0,0.0,0.0,0.0,0.0,0.8660254037844518,-0.4999999999999771,0.3333333333333333
121.25,0.0,1.0,0.0,0.0,0.5000000000000326,-0.8660254037844198,0.3333333333333333
121.5,1.0,0.0,2.0,40.0,2.0577780109495062e-14,-1.0,0.3333333333333333
121.75,1.0,0.0,2.0,40.0,-0.4999999999999724,-0.8660254037844546,0.3333333333333333
122.0,1.0,0.0,2.0,40.0,-0.8660254037844313,-0.5000000000000128,0.3333333333333333
122.25,0.0,0.0,0.0,0.0,-1.0,-2.596808296765318e-14,0.3333333333333333
122.5,0.0,0.0,0.0,0.0,-0.866025403784443,0.49999999999999234,0.3333333333333333
122.75,0.0,0.0,0.0,0.0,-0.500000000000042,0.8660254037844144,0.3333333333333333
123.0,0.0,0.0,0.0,0.0,-3.13583858258113e-14,1.0,0.3333333333333333
123.25,0.0,0.0,0.0,0.0,0.4999999999999877,0.8660254037844457,0.3333333333333333
123.5,0.0,0.0,0.0,0.0,0.8660254037844117,0.5000000000000466,0.3333333333333333
123.75,0.0,0.0,0.0,0.0,1.0,3.674868868396942e-14,0.3333333333333333
124.0,0.0,0.0,0.0,0.0,0.8660254037844485,-0.499999999999983,0.3333333333333333
124.25,0.0,1.0,0.0,0.0,0.5000000000000021,-0.8660254037844374,0.3333333333333333
124.5,1.0,0.0,2.0,41.0,4.213899154212754e-14,-1.0,0.3333333333333333
124.75,1.0,0.0,2.0,41.0,-0.49999999999997835,-0.8660254037844511,0.3333333333333333
125.0,1.0,0.0,2.0,41.0,-0.8660254037844347,-0.5000000000000068,0.3333333333333333
125.25,0.0,0.0,0.0,0.0,-1.0,-4.752929440028566e-14,0.3333333333333333
125.5,0.0,0.0,0.0,0.0,-0.8660254037844538,0.4999999999999737,0.3333333333333333
125.75,0.0,0.0,0.0,0.0,-0.5000000000000114,0.866025403784432,0.3333333333333333
126.0,0.0,0.0,0.0,0.0,-5.2919597258443776e-14,1.0,0.3333333333333333
126.25,0.0,0.0,0.0,0.0,0.499999999999969,0.8660254037844565,0.3333333333333333
126.5,0.0,0.0,0.0,0.0,0.8660254037844294,0.5000000000000161,0.3333333333333333
126.75,0.0,0.0,0.0,0.0,1.0,1.466481255793882e-15,0.3333333333333333
127.0,0.0,0.0,0.0,0.0,0.8660254037844592,-0.49999999999996436,0.3333333333333333
127.25,0.0,1.0,0.0,0.0,0.5000000000000208,-0.8660254037844266,0.3333333333333333
127.5,1.0,0.0,5.0,42.0,6.856784113952001e-15,-1.0,0.3333333333333333
127.75,1.0,0.0,5.0,42.0,-0.4999999999999597,-0.8660254037844619,0.3333333333333333
128.0,1.0,0.0,5.0,42.0,-0.8660254037844239,-0.5000000000000254,0.3333333333333333
128.25,0.0,0.0,0.0,0.0,-1.0,-1.224708697211012e-14,0.3333333333333333
128.5,0.0,0.0,0.0,0.0,-0.8660254037844646,0.49999999999995504,0.3333333333333333
128.75,0.0,0.0,0.0,0.0,-0.5000000000000301,0.8660254037844213,0.3333333333333333
129.0,0.0,0.0,0.0,0.0,-1.763738983026824e-14,1.0,0.3333333333333333
129.25,0.0,0.0,0.0,0.0,0.4999999999999504,0.8660254037844674,0.3333333333333333
129.5,0.0,0.0,0.0,0.0,0.8660254037844186,0.5000000000000347,0.3333333333333333
129.75,0.0,0.0,0.0,0.0,1.0,2.302769268842636e-14,0.3333333333333333
130.0,0.0,0.0,0.0,0.0,0.8660254037844416,-0.4999999999999949,0.3333333333333333
130.25,0.0,1.0,0.0,0.0,0.5000000000000394,-0.8660254037844158,0.3333333333333333
130.5,1.0,0.0,4.0,43.0,2.8417995546584478e-14,-1.0,0.3333333333333333
130.75,1.0,0.0,4.0,43.0,-0.49999999999999023,-0.8660254037844443,0.3333333333333333
131.0,1.0,0.0,4.0,43.0,-0.8660254037844132,-0.5000000000000442,0.3333333333333333
131.25,0.0,0.0,0.0,0.0,-1.0,-3.3808298404742594e-14,0.3333333333333333
131.5,0.0,0.0,0.0,0.0,-0.8660254037844469,0.49999999999998557,0.3333333333333333
131.75,0.0,0.0,0.0,0.0,-0.5000000000000488,0.8660254037844105,0.3333333333333333
132.0,0.0,0.0,0.0,0.0,-3.919860126290071e-14,1.0,0.3333333333333333
132.25,0.0,0.0,0.0,0.0,0.4999999999999809,0.8660254037844497,0.3333333333333333
132.5,0.0,0.0,0.0,0.0,0.8660254037844362,0.5000000000000042,0.3333333333333333
132.75,0.0,0.0,0.0,0.0,1.0,4.458890412105883e-14,0.3333333333333333
133.0,0.0,0.0,0.0,0.0,0.8660254037844524,-0.49999999999997624,0.3333333333333333
133.25,0.0,1.0,0.0,0.0,0.5000000000000089,-0.8660254037844335,0.3333333333333333
133.5,1.0,0.0,5.0,44.0,4.997920697921695e-14,-1.0,0.3333333333333333
133.75,1.0,0.0,5.0,44.0,-0.4999999999999716,-0.866025403784455,0.3333333333333333
134.0,1.0,0.0,5.0,44.0,-0.8660254037844308,-0.5000000000000135,0.3333333333333333
134.25,0.0,0.0,0.0,0.0,-1.0,-5.536950983737507e-14,0.3333333333333333
134.5,0.0,0.0,0.0,0.0,-0.8660254037844577,0.4999999999999669,0.3333333333333333
134.75,0.0,0.0,0.0,0.0,-0.5000000000000182,0.8660254037844282,0.3333333333333333
135.0,0.0,0.0,0.0,0.0,-3.9163938347251765e-15,1.0,0.3333333333333333
135.25,0.0,0.0,0.0,0.0,0.49999999999996225,0.8660254037844605,0.3333333333333333
135.5,0.0,0.0,0.0,0.0,0.8660254037844254,0.5000000000000229,0.3333333333333333
135.75,0.0,0.0,0.0,0.0,1.0,9.306696692883296e-15,0.3333333333333333
136.0,0.0,0.0,0.0,0.0,0.8660254037844631,-0.4999999999999576,0.3333333333333333
136.25,0.0,1.0,0.0,0.0,0.5000000000000275,-0.8660254037844227,0.3333333333333333
136.5,1.0,0.0,7.0,45.0,1.4696999551041415e-14,-1.0,0.3333333333333333
136.75,1.0,0.0,7.0,45.0,-0.49999999999995287,-0.8660254037844658,0.3333333333333333
137.0,1.0,0.0,7.0,45.0,-0.8660254037844201,-0.5000000000000322,0.3333333333333333
137.25,0.0,0.0,0.0,0.0,-1.0,-2.0087302409199534e-14,0.3333333333333333
137.5,0.0,0.0,0.0,0.0,-0.8660254037844686,0.4999999999999482,0.3333333333333333
137.75,0.0,0.0,0.0,0.0,-0.5000000000000369,0.8660254037844174,0.3333333333333333
138.0,0.0,0.0,0.0,0.0,-2.5477605267357653e-14,1.0,0.3333333333333333
138.25,0.0,0.0,0.0,0.0,0.4999999999999928,0.8660254037844428,0.3333333333333333
138.5,0.0,0.0,0.0,0.0,0.8660254037844146,0.5000000000000416,0.3333333333333333
138.75,0.0,0.0,0.0,0.0,1.0,3.086790812551577e-14,0.3333333333333333
139.0,0.0,0.0,0.0,0.0,0.8660254037844455,-0.4999999999999881,0.3333333333333333
139.25,0.0,1.0,0.0,0.0,0.5000000000000463,-0.866025403784412,0.3333333333333333
139.5,1.0,0.0,10.0,46.0,3.625821098367389e-14,-1.0,0.3333333333333333
139.75,1.0,0.0,10.0,46.0,-0.49999999999998346,-0.8660254037844481,0.3333333333333333
140.0,1.0,0.0,10.0,46.0,-0.8660254037844093,-0.500000000000051,0.3333333333333333
140.25,0.0,0.0,0.0,0.0,-1.0,-4.1648513841832013e-14,0.3333333333333333
140.5,0.0,0.0,0.0,0.0,-0.8660254037844509,0.4999999999999788,0.3333333333333333
140.75,0.0,0.0,0.0,0.0,-0.5000000000000063,0.8660254037844349,0.3333333333333333
141.0,0.0,0.0,0.0,0.0,-4.703881669999013e-14,1.0,0.3333333333333333
141.25,0.0,0.0,0.0,0.0,0.49999999999997413,0.8660254037844536,0.3333333333333333
141.5,0.0,0.0,0.0,0.0,0.8660254037844323,0.500000000000011,0.3333333333333333
141.75,0.0,0.0,0.0,0.0,1.0,5.242911955814825e-14,0.3333333333333333
142.0,0.0,0.0,0.0,0.0,0.8660254037844562,-0.49999999999996947,0.3333333333333333
142.25,0.0,1.0,0.0,0.0,0.5000000000000157,-0.8660254037844296,0.3333333333333333
142.5,1.0,0.0,2.0,47.0,5.781942241630636e-14,-1.0,0.3333333333333333
142.75,1.0,0.0,2.0,47.0,-0.4999999999999648,-0.866025403784459,0.3333333333333333
143.0,1.0,0.0,2.0,47.0,-0.8660254037844269,-0.5000000000000203,0.3333333333333333
143.25,0.0,0.0,0.0,0.0,-1.0,-6.366306413656472e-15,0.3333333333333333
143.5,0.0,0.0,0.0,0.0,-0.8660254037844617,0.4999999999999601,0.3333333333333333
143.75,0.0,0.0,0.0,0.0,-0.500000000000025,0.8660254037844242,0.3333333333333333
144.0,0.0,0.0,0.0,0.0,-1.175660927181459e-14,1.0,0.3333333333333333
144.25,0.0,0.0,0.0,0.0,0.4999999999999554,0.8660254037844644,0.3333333333333333
144.5,0.0,0.0,0.0,0.0,0.8660254037844215,0.5000000000000298,0.3333333333333333
144.75,0.0,0.0,0.0,0.0,1.0,1.714691212997271e-14,0.3333333333333333
145.0,0.0,0.0,0.0,0.0,0.866025403784467,-0.49999999999995076,0.3333333333333333
145.25,0.0,1.0,0.0,0.0,0.5000000000000344,-0.8660254037844188,0.3333333333333333
145.5,1.0,0.0,9.0,48.0,2.2537214988130828e-14,-1.0,0.3333333333333333
145.75,1.0,0.0,9.0,48.0,-0.49999999999999534,-0.8660254037844414,0.3333333333333333
146.0,1.0,0.0,9.0,48.0,-0.8660254037844162,-0.5000000000000391,0.3333333333333333
146.25,0.0,0.0,0.0,0.0,-1.0,-2.7927517846288947e-14,0.3333333333333333
146.5,0.0,0.0,0.0,0.0,-0.866025403784444,0.4999999999999907,0.3333333333333333
146.75,0.0,0.0,0.0,0.0,-0.5000000000000437,0.8660254037844134,0.3333333333333333
147.0,0.0,0.0,0.0,0.0,-3.331782070444707e-14,1.0,0.3333333333333333
147.25,0.0,0.0,0.0,0.0,0.499999999999986,0.8660254037844467,0.3333333333333333
147.5,0.0,0.0,0.0,0.0,0.8660254037844107,0.5000000000000484,0.3333333333333333
147.75,0.0,0.0,0.0,0.0,1.0,3.870812356260519e-14,0.3333333333333333
148.0,0.0,0.0,0.0,0.0,0.8660254037844494,-0.49999999999998135,0.3333333333333333
148.25,0.0,1.0,0.0,0.0,0.5000000000000531,-0.8660254037844081,0.3333333333333333
148.5,1.0,0.0,3.0,49.0,4.409842642076331e-14,-1.0,0.3333333333333333
148.75,1.0,0.0,3.0,49.0,-0.4999999999999767,-0.8660254037844521,0.3333333333333333
149.0,1.0,0.0,3.0,49.0,-0.8660254037844337,-0.5000000000000084,0.3333333333333333
149.25,0.0,0.0,0.0,0.0,-1.0,-4.9488729278921426e-14,0.3333333333333333
149.5,0.0,0.0,0.0,0.0,-0.8660254037844548,0.49999999999997197,0.3333333333333333
149.75,0.0,0.0,0.0,0.0,-0.5000000000000131,0.866025403784431,0.3333333333333333
150.0,0.0,0.0,0.0,0.0,-5.4879032137079545e-14,1.0,0.3333333333333333
150.25,0.0,0.0,0.0,0.0,0.4999999999999673,0.8660254037844575,0.3333333333333333
150.5,0.0,0.0,0.0,0.0,0.8660254037844284,0.5000000000000178,0.3333333333333333
150.75,0.0,0.0,0.0,0.0,1.0,6.026933499523766e-14,0.3333333333333333
151.0,0.0,0.0,0.0,0.0,0.8660254037844602,-0.49999999999996264,0.3333333333333333
151.25,0.0,1.0,0.0,0.0,0.5000000000000225,-0.8660254037844257,0.3333333333333333
151.5,1.0,0.0,1.0,50.0,8.816218992587766e-15,-1.0,0.3333333333333333
151.75,1.0,0.0,1.0,50.0,-0.499999999999958,-0.8660254037844629,0.3333333333333333
152.0,1.0,0.0,1.0,50.0,-0.8660254037844229,-0.5000000000000272,0.3333333333333333
152.25,0.0,0.0,0.0,0.0,-1.0,-1.4206521850745885e-14,0.3333333333333333
152.5,0.0,0.0,0.0,0.0,-0.8660254037844656,0.4999999999999533,0.3333333333333333
152.75,0.0,0.0,0.0,0.0,-0.5000000000000319,0.8660254037844203,0.3333333333333333
153.0,0.0,0.0,0.0,0.0,-1.9596824708904003e-14,1.0,0.3333333333333333
153.25,0.0,0.0,0.0,0.0,0.49999999999994865,0.8660254037844682,0.3333333333333333
153.5,0.0,0.0,0.0,0.0,0.8660254037844176,0.5000000000000365,0.3333333333333333
153.75,0.0,0.0,0.0,0.0,1.0,2.4987127567062125e-14,0.3333333333333333
154.0,0.0,0.0,0.0,0.0,0.8660254037844426,-0.4999999999999932,0.3333333333333333
154.25,0.0,1.0,0.0,0.0,0.5000000000000412,-0.8660254037844148,0.3333333333333333
154.5,1.0,0.0,5.0,51.0,3.0377430425220244e-14,-1.0,0.3333333333333333
154.75,1.0,0.0,5.0,51.0,-0.49999999999998856,-0.8660254037844453,0.3333333333333333
155.0,1.0,0.0,5.0,51.0,-0.8660254037844122,-0.5000000000000459,0.3333333333333333
155.25,0.0,0.0,0.0,0.0,-1.0,-3.576773328337836e-14,0.3333333333333333
155.5,0.0,0.0,0.0,0.0,-0.8660254037844479,0.4999999999999839,0.3333333333333333
155.75,0.0,0.0,0.0,0.0,-0.5000000000000505,0.8660254037844095,0.3333333333333333
156.0,0.0,0.0,0.0,0.0,-4.115803614153648e-14,1.0,0.3333333333333333
156.25,0.0,0.0,0.0,0.0,0.4999999999999792,0.8660254037844506,0.3333333333333333
156.5,0.0,0.0,0.0,0.0,0.8660254037844068,0.5000000000000552,0.3333333333333333
156.75,0.0,0.0,0.0,0.0,1.0,4.65483389996946e-14,0.3333333333333333
157.0,0.0,0.0,0.0,0.0,0.8660254037844534,-0.4999999999999745,0.3333333333333333
157.25,0.0,1.0,0.0,0.0,0.5000000000000107,-0.8660254037844325,0.3333333333333333
157.5,1.0,0.0,7.0,52.0,5.193864185785272e-14,-1.0,0.3333333333333333
157.75,1.0,0.0,7.0,52.0,-0.49999999999996986,-0.866025403784456,0.3333333333333333
158.0,1.0,0.0,7.0,52.0,-0.8660254037844298,-0.5000000000000153,0.3333333333333333
158.25,0.0,0.0,0.0,0.0,-1.0,-5.732894471601083e-14,0.3333333333333333
158.5,0.0,0.0,0.0,0.0,-0.8660254037844587,0.4999999999999652,0.3333333333333333
158.75,0.0,0.0,0.0,0.0,-0.50000000000002,0.8660254037844272,0.3333333333333333
159.0,0.0,0.0,0.0,0.0,-6.271924757416895e-14,1.0,0.3333333333333333
159.25,0.0,0.0,0.0,0.0,0.49999999999996053,0.8660254037844615,0.3333333333333333
159.5,0.0,0.0,0.0,0.0,0.8660254037844245,0.5000000000000246,0.3333333333333333
159.75,0.0,0.0,0.0,0.0,1.0,1.126613157151906e-14,0.3333333333333333
160.0,0.0,0.0,0.0,0.0,0.8660254037844641,-0.49999999999995587,0.3333333333333333
160.25,0.0,1.0,0.0,0.0,0.5000000000000293,-0.8660254037844217,0.3333333333333333
160.5,1.0,0.0,10.0,53.0,1.665643442967718e-14,-1.0,0.3333333333333333
160.75,1.0,0.0,10.0,53.0,-0.4999999999999512,-0.8660254037844668,0.3333333333333333
161.0,1.0,0.0,10.0,53.0,-0.8660254037844191,-0.500000000000034,0.3333333333333333
161.25,0.0,0.0,0.0,0.0,-1.0,-2.20467372878353e-14,0.3333333333333333
161.5,0.0,0.0,0.0,0.0,-0.8660254037844695,0.49999999999994654,0.3333333333333333
161.75,0.0,0.0,0.0,0.0,-0.5000000000000386,0.8660254037844164,0.3333333333333333
162.0,0.0,0.0,0.0,0.0,-2.743704014599342e-14,1.0,0.3333333333333333
162.25,0.0,0.0,0.0,0.0,0.4999999999999911,0.8660254037844438,0.3333333333333333
162.5,0.0,0.0,0.0,0.0,0.8660254037844136,0.5000000000000433,0.3333333333333333
162.75,0.0,0.0,0.0,0.0,1.0,3.282734300415154e-14,0.3333333333333333
163.0,0.0,0.0,0.0,0.0,0.8660254037844465,-0.4999999999999864,0.3333333333333333
163.25,0.0,1.0,0.0,0.0,0.500000000000048,-0.866025403784411,0.3333333333333333
163.5,1.0,0.0,6.0,54.0,3.8217645862309657e-14,-1.0,0.3333333333333333
163.75,1.0,0.0,6.0,54.0,-0.49999999999998174,-0.8660254037844491,0.3333333333333333
164.0,1.0,0.0,6.0,54.0,-0.8660254037844083,-0.5000000000000526,0.3333333333333333
164.25,0.0,0.0,0.0,0.0,-1.0,-4.3607948720467776e-14,0.3333333333333333
164.5,0.0,0.0,0.0,0.0,-0.8660254037844518,0.4999999999999771,0.3333333333333333
164.75,0.0,0.0,0.0,0.0,-0.5000000000000573,0.8660254037844056,0.3333333333333333
165.0,0.0,0.0,0.0,0.0,-4.8998251578625895e-14,1.0,0.3333333333333333
165.25,0.0,0.0,0.0,0.0,0.4999999999999724,0.8660254037844546,0.3333333333333333
165.5,0.0,0.0,0.0,0.0,0.8660254037844313,0.5000000000000128,0.3333333333333333
165.75,0.0,0.0,0.0,0.0,1.0,5.4388554436784013e-14,0.3333333333333333
166.0,0.0,0.0,0.0,0.0,0.8660254037844572,-0.49999999999996775,0.3333333333333333
166.25,0.0,1.0,0.0,0.0,0.5000000000000174,-0.8660254037844286,0.3333333333333333
166.5,1.0,0.0,9.0,55.0,5.977885729494213e-14,-1.0,0.3333333333333333
166.75,1.0,0.0,9.0,55.0,-0.4999999999999631,-0.8660254037844599,0.3333333333333333
167.0,1.0,0.0,9.0,55.0,-0.8660254037844259,-0.5000000000000221,0.3333333333333333
167.25,0.0,0.0,0.0,0.0,-1.0,-6.516916015310025e-14,0.3333333333333333
167.5,0.0,0.0,0.0,0.0,-0.8660254037844627,0.4999999999999584,0.3333333333333333
167.75,0.0,0.0,0.0,0.0,-0.5000000000000268,0.8660254037844233,0.3333333333333333
168.0,0.0,0.0,0.0,0.0,-1.3716044150450356e-14,1.0,0.3333333333333333
168.25,0.0,0.0,0.0,0.0,0.49999999999995376,0.8660254037844654,0.3333333333333333
168.5,0.0,0.0,0.0,0.0,0.8660254037844205,0.5000000000000314,0.3333333333333333
168.75,0.0,0.0,0.0,0.0,1.0,1.9106347008608474e-14,0.3333333333333333
169.0,0.0,0.0,0.0,0.0,0.866025403784468,-0.4999999999999491,0.3333333333333333
169.25,0.0,1.0,0.0,0.0,0.5000000000000361,-0.8660254037844178,0.3333333333333333
169.5,1.0,0.0,9.0,56.0,2.4496649866766593e-14,-1.0,0.3333333333333333
169.75,1.0,0.0,9.0,56.0,-0.49999999999994443,-0.8660254037844708,0.3333333333333333
170.0,1.0,0.0,9.0,56.0,-0.8660254037844152,-0.5000000000000407,0.3333333333333333
170.25,0.0,0.0,0.0,0.0,-1.0,-2.988695272492471e-14,0.3333333333333333
170.5,0.0,0.0,0.0,0.0,-0.866025403784445,0.49999999999998895,0.3333333333333333
170.75,0.0,0.0,0.0,0.0,-0.5000000000000454,0.8660254037844124,0.3333333333333333
171.0,0.0,0.0,0.0,0.0,-3.527725558308283e-14,1.0,0.3333333333333333
171.25,0.0,0.0,0.0,0.0,0.4999999999999843,0.8660254037844477,0.3333333333333333
171.5,0.0,0.0,0.0,0.0,0.8660254037844097,0.5000000000000501,0.3333333333333333
171.75,0.0,0.0,0.0,0.0,1.0,4.066755844124095e-14,0.3333333333333333
172.0,0.0,0.0,0.0,0.0,0.8660254037844504,-0.4999999999999796,0.3333333333333333
172.25,0.0,1.0,0.0,0.0,0.5000000000000547,-0.8660254037844071,0.3333333333333333
172.5,1.0,0.0,2.0,57.0,4.605786129939907e-14,-1.0,0.3333333333333333
172.75,1.0,0.0,2.0,57.0,-0.49999999999997496,-0.8660254037844531,0.3333333333333333
173.0,1.0,0.0,2.0,57.0,-0.8660254037844328,-0.5000000000000102,0.3333333333333333
173.25,0.0,0.0,0.0,0.0,-1.0,-5.144816415755719e-14,0.3333333333333333
173.5,0.0,0.0,0.0,0.0,-0.8660254037844558,0.4999999999999703,0.3333333333333333
173.75,0.0,0.0,0.0,0.0,-0.5000000000000149,0.86602540378443,0.3333333333333333
174.0,0.0,0.0,0.0,0.0,-5.683846701571531e-14,1.0,0.3333333333333333
174.25,0.0,0.0,0.0,0.0,0.49999999999996564,0.8660254037844585,0.3333333333333333
174.5,0.0,0.0,0.0,0.0,0.8660254037844274,0.5000000000000195,0.3333333333333333
174.75,0.0,0.0,0.0,0.0,1.0,6.222876987387343e-14,0.3333333333333333
175.0,0.0,0.0,0.0,0.0,0.8660254037844611,-0.499999999999961,0.3333333333333333
175.25,0.0,1.0,0.0,0.0,0.5000000000000242,-0.8660254037844247,0.3333333333333333
175.5,1.0,0.0,9.0,58.0,6.761907273203155e-14,-1.0,0.3333333333333333
175.75,1.0,0.0,9.0,58.0,-0.4999999999999563,-0.8660254037844639,0.3333333333333333
176.0,1.0,0.0,9.0,58.0,-0.866025403784422,-0.5000000000000289,0.3333333333333333
176.25,0.0,0.0,0.0,0.0,-1.0,-1.616595672938165e-14,0.3333333333333333
176.5,0.0,0.0,0.0,0.0,-0.8660254037844666,0.4999999999999516,0.3333333333333333
176.75,0.0,0.0,0.0,0.0,-0.5000000000000335,0.8660254037844193,0.3333333333333333
177.0,0.0,0.0,0.0,0.0,-2.1556259587539768e-14,1.0,0.3333333333333333
177.25,0.0,0.0,0.0,0.0,0.49999999999994693,0.8660254037844692,0.3333333333333333
177.5,0.0,0.0,0.0,0.0,0.8660254037844166,0.5000000000000382,0.3333333333333333
177.75,0.0,0.0,0.0,0.0,1.0,2.6946562445697887e-14,0.3333333333333333
178.0,0.0,0.0,0.0,0.0,0.866025403784472,-0.49999999999994227,0.3333333333333333
178.25,0.0,1.0,0.0,0.0,0.5000000000000429,-0.866025403784414,0.3333333333333333
178.5,1.0,0.0,1.0,59.0,3.2336865303856006e-14,-1.0,0.3333333333333333
178.75,1.0,0.0,1.0,59.0,-0.49999999999998684,-0.8660254037844463,0.3333333333333333
179.0,1.0,0.0,1.0,59.0,-0.8660254037844112,-0.5000000000000475,0.3333333333333333
179.25,0.0,0.0,0.0,0.0,-1.0,-3.7727168162014125e-14,0.3333333333333333
179.5,0.0,0.0,0.0,0.0,-0.8660254037844489,0.4999999999999822,0.3333333333333333
179.75,0.0,0.0,0.0,0.0,-0.5000000000000522,0.8660254037844085,0.3333333333333333
180.0,0.0,0.0,0.0,0.0,-4.3117471020172244e-14,1.0,0.3333333333333333
180.25,0.0,0.0,0.0,0.0,0.4999999999999775,0.8660254037844516,0.3333333333333333
180.5,0.0,0.0,0.0,0.0,0.8660254037844058,0.5000000000000568,0.3333333333333333
180.75,0.0,0.0,0.0,0.0,1.0,4.850777387833036e-14,0.3333333333333333
181.0,0.0,0.0,0.0,0.0,0.8660254037844544,-0.49999999999997286,0.3333333333333333
181.25,0.0,1.0,0.0,0.0,0.5000000000000123,-0.8660254037844315,0.3333333333333333
181.5,1.0,0.0,10.0,60.0,5.389807673648848e-14,-1.0,0.3333333333333333
181.75,1.0,0.0,10.0,60.0,-0.4999999999999682,-0.866025403784457,0.3333333333333333
182.0,1.0,0.0,10.0,60.0,-0.8660254037844288,-0.500000000000017,0.3333333333333333
182.25,0.0,0.0,0.0,0.0,-1.0,-5.928837959464661e-14,0.3333333333333333
182.5,0.0,0.0,0.0,0.0,-0.8660254037844597,0.49999999999996353,0.3333333333333333
182.75,0.0,0.0,0.0,0.0,-0.5000000000000216,0.8660254037844262,0.3333333333333333
183.0,0.0,0.0,0.0,0.0,-6.467868245280473e-14,1.0,0.3333333333333333
183.25,0.0,0.0,0.0,0.0,0.4999999999999588,0.8660254037844624,0.3333333333333333
183.5,0.0,0.0,0.0,0.0,0.8660254037844235,0.5000000000000263,0.3333333333333333
183.75,0.0,0.0,0.0,0.0,1.0,7.006898531096285e-14,0.3333333333333333
184.0,0.0,0.0,0.0,0.0,0.8660254037844651,-0.49999999999995415,0.3333333333333333
184.25,0.0,1.0,0.0,0.0,0.500000000000031,-0.8660254037844207,0.3333333333333333
184.5,1.0,0.0,6.0,61.0,1.8615869308312946e-14,-1.0,0.3333333333333333
184.75,1.0,0.0,6.0,61.0,-0.4999999999999495,-0.8660254037844678,0.3333333333333333
185.0,1.0,0.0,6.0,61.0,-0.8660254037844181,-0.5000000000000356,0.3333333333333333
185.25,0.0,0.0,0.0,0.0,-1.0,-2.4006172166471065e-14,0.3333333333333333
185.5,0.0,0.0,0.0,0.0,-0.8660254037844705,0.4999999999999448,0.3333333333333333
185.75,0.0,0.0,0.0,0.0,-0.5000000000000403,0.8660254037844154,0.3333333333333333
186.0,0.0,0.0,0.0,0.0,-2.939647502462918e-14,1.0,0.3333333333333333
186.25,0.0,0.0,0.0,0.0,0.49999999999994016,0.8660254037844732,0.3333333333333333
186.5,0.0,0.0,0.0,0.0,0.8660254037844127,0.500000000000045,0.3333333333333333
186.75,0.0,0.0,0.0,0.0,1.0,3.47867778827873e-14,0.3333333333333333
187.0,0.0,0.0,0.0,0.0,0.8660254037844475,-0.49999999999998473,0.3333333333333333
187.25,0.0,1.0,0.0,0.0,0.5000000000000496,-0.86602540378441,0.3333333333333333
187.5,1.0,0.0,3.0,62.0,4.017708074094542e-14,-1.0,0.3333333333333333
187.75,1.0,0.0,3.0,62.0,-0.49999999999998007,-0.8660254037844501,0.3333333333333333
188.0,1.0,0.0,3.0,62.0,-0.8660254037844073,-0.5000000000000543,0.3333333333333333
188.25,0.0,0.0,0.0,0.0,-1.0,-4.556738359910354e-14,0.3333333333333333
188.5,0.0,0.0,0.0,0.0,-0.8660254037844528,0.4999999999999754,0.3333333333333333
188.75,0.0,0.0,0.0,0.0,-0.500000000000059,0.8660254037844046,0.3333333333333333
189.0,0.0,0.0,0.0,0.0,-5.095768645726166e-14,1.0,0.3333333333333333
189.25,0.0,0.0,0.0,0.0,0.4999999999999707,0.8660254037844556,0.3333333333333333
189.5,0.0,0.0,0.0,0.0,0.8660254037844304,0.5000000000000144,0.3333333333333333
189.75,0.0,0.0,0.0,0.0,1.0,5.6347989315419776e-14,0.3333333333333333
190.0,0.0,0.0,0.0,0.0,0.8660254037844582,-0.499999999999966,0.3333333333333333
190.25,0.0,1.0,0.0,0.0,0.5000000000000191,-0.8660254037844276,0.3333333333333333
190.5,1.0,0.0,2.0,63.0,6.17382921735779e-14,-1.0,0.3333333333333333
190.75,1.0,0.0,2.0,63.0,-0.49999999999996136,-0.8660254037844609,0.3333333333333333
191.0,1.0,0.0,2.0,63.0,-0.8660254037844249,-0.5000000000000238,0.3333333333333333
191.25,0.0,0.0,0.0,0.0,-1.0,-6.712859503173602e-14,0.3333333333333333
191.5,0.0,0.0,0.0,0.0,-0.8660254037844636,0.4999999999999567,0.3333333333333333
191.75,0.0,0.0,0.0,0.0,-0.5000000000000284,0.8660254037844223,0.3333333333333333
192.0,0.0,0.0,0.0,0.0,-1.567547902908612e-14,1.0,0.3333333333333333
192.25,0.0,0.0,0.0,0.0,0.49999999999995204,0.8660254037844664,0.3333333333333333
192.5,0.0,0.0,0.0,0.0,0.8660254037844195,0.5000000000000331,0.3333333333333333
192.75,0.0,0.0,0.0,0.0,1.0,2.106578188724424e-14,0.3333333333333333
193.0,0.0,0.0,0.0,0.0,0.866025403784469,-0.4999999999999474,0.3333333333333333
193.25,0.0,1.0,0.0,0.0,0.5000000000000377,-0.8660254037844168,0.3333333333333333
193.5,1.0,0.0,1.0,64.0,2.645608474540236e-14,-1.0,0.3333333333333333
193.75,1.0,0.0,1.0,64.0,-0.4999999999999427,-0.8660254037844717,0.3333333333333333
194.0,1.0,0.0,1.0,64.0,-0.8660254037844142,-0.5000000000000424,0.3333333333333333
194.25,0.0,0.0,0.0,0.0,-1.0,-3.1846387603560475e-14,0.3333333333333333
194.5,0.0,0.0,0.0,0.0,-0.8660254037844745,0.49999999999993805,0.3333333333333333
194.75,0.0,0.0,0.0,0.0,-0.5000000000000471,0.8660254037844115,0.3333333333333333
195.0,0.0,0.0,0.0,0.0,-3.7236690461718594e-14,1.0,0.3333333333333333
195.25,0.0,0.0,0.0,0.0,0.4999999999999826,0.8660254037844487,0.3333333333333333
195.5,0.0,0.0,0.0,0.0,0.8660254037844087,0.5000000000000517,0.3333333333333333
195.75,0.0,0.0,0.0,0.0,1.0,4.262699331987672e-14,0.3333333333333333
196.0,0.0,0.0,0.0,0.0,0.8660254037844514,-0.4999999999999779,0.3333333333333333
196.25,0.0,1.0,0.0,0.0,0.5000000000000564,-0.8660254037844061,0.3333333333333333
196.5,1.0,0.0,3.0,65.0,4.801729617803484e-14,-1.0,0.3333333333333333
196.75,1.0,0.0,3.0,65.0,-0.49999999999997324,-0.866025403784454,0.3333333333333333
197.0,1.0,0.0,3.0,65.0,-0.8660254037844034,-0.5000000000000611,0.3333333333333333
197.25,0.0,0.0,0.0,0.0,-1.0,-5.340759903619296e-14,0.3333333333333333
197.5,0.0,0.0,0.0,0.0,-0.8660254037844568,0.4999999999999686,0.3333333333333333
197.75,0.0,0.0,0.0,0.0,-0.5000000000000165,0.866025403784429,0.3333333333333333
198.0,0.0,0.0,0.0,0.0,-5.879790189435108e-14,1.0,0.3333333333333333
198.25,0.0,0.0,0.0,0.0,0.4999999999999639,0.8660254037844595,0.3333333333333333
198.5,0.0,0.0,0.0,0.0,0.8660254037844264,0.5000000000000212,0.3333333333333333
198.75,0.0,0.0,0.0,0.0,1.0,6.41882047525092e-14,0.3333333333333333
199.0,0.0,0.0,0.0,0.0,0.8660254037844621,-0.49999999999995925,0.3333333333333333
199.25,0.0,1.0,0.0,0.0,0.5000000000000259,-0.8660254037844237,0.3333333333333333
199.5,1.0,0.0,2.0,66.0,6.957850761066731e-14,-1.0,0.3333333333333333
199.75,1.0,0.0,2.0,66.0,-0.4999999999999546,-0.8660254037844649,0.3333333333333333
200.0,1.0,0.0,2.0,66.0,-0.866025403784421,-0.5000000000000305,0.3333333333333333
200.25,0.0,0.0,0.0,0.0,-1.0,-1.8125391608017415e-14,0.3333333333333333
200.5,0.0,0.0,0.0,0.0,-0.8660254037844676,0.49999999999994993,0.3333333333333333
200.75,0.0,0.0,0.0,0.0,-0.5000000000000352,0.8660254037844183,0.3333333333333333
201.0,0.0,0.0,0.0,0.0,-2.3515694466175534e-14,1.0,0.3333333333333333
