condition,regressor,window_center_sec,dominant_freq_hz,dominant_power
control,luminance_mean,16.0,0.03125,2155.794706955801
control,luminance_mean,20.0,0.03125,4428.125127536027
control,luminance_mean,24.0,0.03125,4139.277689653836
control,luminance_mean,28.0,0.03125,3687.581790956663
control,luminance_mean,32.0,0.0625,4981.044329875892
control,luminance_mean,36.0,0.0625,3687.6941720709965
control,luminance_mean,40.0,0.125,4769.037005823543
control,luminance_mean,44.0,0.03125,5734.243197299932
control,luminance_mean,48.0,0.03125,8460.482218151139
control,luminance_mean,52.0,0.03125,10831.33676271239
control,luminance_mean,56.0,0.03125,9331.957959187368
control,luminance_mean,60.0,0.03125,6635.498085342721
control,luminance_mean,64.0,0.125,1588.815749050546
control,luminance_mean,68.0,0.03125,331.0184523117843
control,luminance_mean,72.0,0.03125,664.3147918425633
control,luminance_mean,76.0,0.03125,1635.9967049469954
control,luminance_mean,80.0,0.03125,1807.2721869876145
control,luminance_mean,84.0,0.03125,1470.8637133585355
control,luminance_mean,88.0,0.0625,1091.8392490470292
control,luminance_mean,92.0,0.0625,711.5381593601257
control,luminance_mean,96.0,0.0625,1566.453001604199
control,luminance_mean,100.0,0.0625,4237.824900965468
control,luminance_mean,104.0,0.03125,6978.414549687326
control,luminance_mean,108.0,0.03125,9373.733828792472
control,luminance_mean,112.0,0.03125,9508.411786725232
control,luminance_mean,116.0,0.03125,6193.330189162797
control,luminance_mean,120.0,0.09375,3414.0145699474283
control,luminance_mean,124.0,0.03125,2710.3322219614743
control,luminance_mean,128.0,0.03125,1677.8675395490827
control,luminance_mean,132.0,0.0625,3615.6828180827088
control,luminance_mean,136.0,0.0625,3573.508666584504
control,luminance_mean,140.0,0.0625,2364.8455982269047
control,luminance_mean,144.0,0.0625,2221.625746003778
control,luminance_mean,148.0,0.0625,2658.5094017309084
control,luminance_mean,152.0,0.0625,1821.769383233079
control,luminance_mean,156.0,0.09375,1010.6411275244335
control,luminance_mean,160.0,0.09375,1592.0863251914375
control,luminance_mean,164.0,0.09375,1624.5560965099503
control,luminance_mean,168.0,0.09375,1496.1068783735059
control,luminance_mean,172.0,0.0625,1030.1610456650606
control,luminance_mean,176.0,0.03125,1255.6739650120749
control,luminance_mean,180.0,0.03125,1776.492727354498
control,luminance_mean,184.0,0.03125,1984.8130894484684
control,visual_change_mean_abs,16.0,0.125,323.24917253373366
control,visual_change_mean_abs,20.0,0.125,581.7031931052534
control,visual_change_mean_abs,24.0,0.09375,599.4763864611725
control,visual_change_mean_abs,28.0,0.125,562.1905860997899
control,visual_change_mean_abs,32.0,0.0625,1270.1281309179308
control,visual_change_mean_abs,36.0,0.0625,1582.0789616633645
control,visual_change_mean_abs,40.0,0.125,1609.549628907089
control,visual_change_mean_abs,44.0,0.03125,1524.9640464966715
control,visual_change_mean_abs,48.0,0.03125,1749.3020468937254
control,visual_change_mean_abs,52.0,0.09375,1913.476279818303
control,visual_change_mean_abs,56.0,0.09375,1173.153021662546
control,visual_change_mean_abs,60.0,0.0625,901.9158895925015
control,visual_change_mean_abs,64.0,0.09375,439.42018965027825
control,visual_change_mean_abs,68.0,0.03125,209.31616510103524
control,visual_change_mean_abs,72.0,0.03125,145.7220397919742
control,visual_change_mean_abs,76.0,0.03125,266.939287390952
control,visual_change_mean_abs,80.0,0.03125,272.9128061450787
control,visual_change_mean_abs,84.0,0.03125,204.72960740578384
control,visual_change_mean_abs,88.0,0.0625,196.30772902126543
control,visual_change_mean_abs,92.0,0.0625,233.60650234185889
control,visual_change_mean_abs,96.0,0.0625,258.61884494567073
control,visual_change_mean_abs,100.0,0.0625,707.3328220780505
control,visual_change_mean_abs,104.0,0.0625,826.2468258007455
control,visual_change_mean_abs,108.0,0.03125,940.9775696620295
control,visual_change_mean_abs,112.0,0.03125,1226.1417308776336
control,visual_change_mean_abs,116.0,0.03125,923.6406542312741
control,visual_change_mean_abs,120.0,0.09375,818.1436039474846
control,visual_change_mean_abs,124.0,0.09375,602.6478308350142
control,visual_change_mean_abs,128.0,0.09375,344.1836294651832
control,visual_change_mean_abs,132.0,0.0625,254.9930979474354
control,visual_change_mean_abs,136.0,0.0625,375.77758355701883
control,visual_change_mean_abs,140.0,0.0625,333.8121566181715
control,visual_change_mean_abs,144.0,0.0625,234.93153380446228
control,visual_change_mean_abs,148.0,0.0625,412.2198671273533
control,visual_change_mean_abs,152.0,0.03125,430.0614740937049
control,visual_change_mean_abs,156.0,0.03125,395.2629735275981
control,visual_change_mean_abs,160.0,0.03125,622.0978825781235
control,visual_change_mean_abs,164.0,0.03125,1360.4533328213934
control,visual_change_mean_abs,168.0,0.03125,1160.361607082403
control,visual_change_mean_abs,172.0,0.03125,1039.3436787878622
control,visual_change_mean_abs,176.0,0.03125,929.9786803030984
control,visual_change_mean_abs,180.0,0.03125,985.7459139978446
control,visual_change_mean_abs,184.0,0.03125,991.421475497487
control,audio_rms,16.0,0.28125,0.00012103316219184621
control,audio_rms,20.0,0.25,8.32571086048153e-05
control,audio_rms,24.0,0.15625,8.33620398029394e-05
control,audio_rms,28.0,0.15625,9.149281216587e-05
control,audio_rms,32.0,0.15625,4.348083527328768e-05
control,audio_rms,36.0,0.59375,1.8523981059548038e-05
control,audio_rms,40.0,0.21875,1.7733915950814765e-05
control,audio_rms,44.0,0.21875,2.0331795516873938e-05
control,audio_rms,48.0,0.21875,1.8617436754128613e-05
control,audio_rms,52.0,0.40625,4.416137624933052e-06
control,audio_rms,56.0,0.40625,5.623845234172081e-06
control,audio_rms,60.0,0.03125,0.00014009959421208844
control,audio_rms,64.0,0.03125,0.001467262221536655
control,audio_rms,68.0,0.03125,0.0024610928158011356
control,audio_rms,72.0,0.03125,0.0023473309871469426
control,audio_rms,76.0,0.03125,0.0013795548848899405
control,audio_rms,80.0,0.0625,0.0013171996982672943
control,audio_rms,84.0,0.0625,0.0006719692110792147
control,audio_rms,88.0,0.0625,0.0008751263743646043
control,audio_rms,92.0,0.0625,0.000559478863015439
control,audio_rms,96.0,0.0625,0.0013426149803266187
control,audio_rms,100.0,0.03125,0.0012695693205814935
control,audio_rms,104.0,0.0625,0.001260917036047345
control,audio_rms,108.0,0.03125,0.001186892295241873
control,audio_rms,112.0,0.0625,0.0011824721900469256
control,audio_rms,116.0,0.0625,0.0007892812349359934
control,audio_rms,120.0,0.03125,0.002603866403967424
control,audio_rms,124.0,0.03125,0.004513429440724906
control,audio_rms,128.0,0.03125,0.008306661994316584
control,audio_rms,132.0,0.03125,0.011555307312850751
control,audio_rms,136.0,0.03125,0.00987981453120333
control,audio_rms,140.0,0.03125,0.005062171533120952
control,audio_rms,144.0,0.03125,0.0030970019559190833
control,audio_rms,148.0,0.03125,0.0032857520653954368
control,audio_rms,152.0,0.09375,0.004869122196168152
control,audio_rms,156.0,0.09375,0.005860856817209213
control,audio_rms,160.0,0.0625,0.009856665118411484
control,audio_rms,164.0,0.0625,0.015564811715939883
control,audio_rms,168.0,0.03125,0.01789773470127069
control,audio_rms,172.0,0.03125,0.0247887652894221
control,audio_rms,176.0,0.03125,0.024361681148212303
control,audio_rms,180.0,0.03125,0.008407270898699748
control,audio_rms,184.0,0.03125,0.0051517611060107075
control,cue_on,16.0,0.34375,2.1047782325274054
control,cue_on,20.0,0.34375,2.248323542161756
control,cue_on,24.0,0.34375,2.2515465315161864
control,cue_on,28.0,0.34375,2.2485847185061036
control,cue_on,32.0,0.34375,2.248323542161756
control,cue_on,36.0,0.34375,2.2515465315161864
control,cue_on,40.0,0.34375,2.2485847185061036
control,cue_on,44.0,0.34375,2.248323542161756
control,cue_on,48.0,0.34375,2.2515465315161864
control,cue_on,52.0,0.34375,2.2485847185061036
control,cue_on,56.0,0.34375,2.248323542161756
control,cue_on,60.0,0.34375,2.2515465315161864
control,cue_on,64.0,0.34375,2.2485847185061036
control,cue_on,68.0,0.34375,2.248323542161756
control,cue_on,72.0,0.34375,2.2515465315161864
control,cue_on,76.0,0.34375,2.2485847185061036
control,cue_on,80.0,0.34375,2.248323542161756
control,cue_on,84.0,0.34375,2.2515465315161864
control,cue_on,88.0,0.34375,2.2485847185061036
control,cue_on,92.0,0.34375,2.248323542161756
control,cue_on,96.0,0.34375,2.2515465315161864
control,cue_on,100.0,0.34375,2.2485847185061036
control,cue_on,104.0,0.34375,2.248323542161756
control,cue_on,108.0,0.34375,2.2515465315161864
control,cue_on,112.0,0.34375,2.2485847185061036
control,cue_on,116.0,0.34375,2.248323542161756
control,cue_on,120.0,0.34375,2.2515465315161864
control,cue_on,124.0,0.34375,2.2485847185061036
control,cue_on,128.0,0.34375,2.248323542161756
control,cue_on,132.0,0.34375,2.2515465315161864
control,cue_on,136.0,0.34375,2.2485847185061036
control,cue_on,140.0,0.34375,2.248323542161756
control,cue_on,144.0,0.34375,2.2515465315161864
control,cue_on,148.0,0.34375,2.2485847185061036
control,cue_on,152.0,0.34375,2.248323542161756
control,cue_on,156.0,0.34375,2.2515465315161864
control,cue_on,160.0,0.34375,2.2485847185061036
control,cue_on,164.0,0.34375,2.248323542161756
control,cue_on,168.0,0.34375,2.2515465315161864
control,cue_on,172.0,0.34375,2.2485847185061036
control,cue_on,176.0,0.34375,2.248323542161756
control,cue_on,180.0,0.34375,2.2515465315161864
control,cue_on,184.0,0.34375,2.2485847185061036
