cue_index,value,cue_start_sec,prior_sum,new_sum,prior_units_digit,carry_required,high_carry_load,hard9_pattern,arithmetic_compute_load,DR_gamma,WMU_theta,MAINT_theta,target_DR_gamma,target_WMU_theta,override_minus_target_WMU,compute_stall_score,latent_guess_risk
1,8,4.251251,0,8,0,0,0,0,0.0,0.9399138237327652,-0.9232412909422096,0.15817208128148585,1.2847875608613861,1.045143531983196,-1.9683848229254057,-0.3825346048303619,0.14111890173713498
2,9,7.251251,8,17,8,1,8,1,2.4741792409672536,1.021190096186632,0.1034850288397774,0.3418255010454241,0.98070088010571,-0.10636267109463571,0.2098476999344131,0.8412000751844142,0.8949165003473497
3,1,10.251251,17,18,7,0,0,0,0.492219649114766,-2.8343328770314393,-3.2516964809549385,-2.3243661081845284,-1.600090388603746,-1.289175097652704,-1.9625213833022344,-2.6649763822910417,0.045593804252786745
4,7,13.251251,18,25,8,1,6,0,1.8014270974679274,-0.2703821569011604,-1.331538055363996,-1.9621711900572745,0.040600819566865454,-0.0287547767518731,-1.302783278612123,-1.1964978483436535,0.42666139535486636
5,7,16.251251,25,32,5,1,3,0,1.4048418228021518,-0.8065130262820612,-2.7592117932281495,0.10045986419767705,-0.40103818985412754,-0.34481353250827174,-2.414398260719878,-0.9781655088146983,0.35509395577839337
6,3,19.251251,32,35,2,0,0,0,0.5954423407059823,-1.5046056400357015,-6.034066438792652,-6.031609811695354,-0.33239941394778894,0.349578646636036,-6.383645085428688,-5.883977540067508,0.004100035336161628
7,8,22.251251,35,43,5,1,4,0,1.6102600572622783,0.9623097760156665,0.20182009419115576,-0.7926988964533139,0.5149584843045444,-0.33648008805972807,0.5383001822508838,0.10712561318449049,0.6266829188844266
8,4,25.251251,43,47,3,0,0,0,0.6444335365173798,-1.014721283423369,-2.504030965377237,-2.6198097337408175,0.35930158191182016,0.5904111766324402,-3.0944421420096773,-2.4008119654296824,0.06615380580344417
9,9,28.251251,47,56,7,1,7,1,2.6092512530736762,-0.182716579362467,0.44862545153821354,-2.1310396610172724,-0.7580019796008837,1.1823122927480116,-0.7336868412097981,-0.18889429147111036,0.8145704767308669
10,5,31.251251,56,61,6,1,2,0,1.3885167179515545,0.7405969399777799,0.1616807515917711,-1.6716637084347306,1.1869635731536214,1.3216643461658002,-1.159983594574029,-0.4078622989335911,0.4600677822610066
11,1,34.251251,61,62,1,0,0,0,0.7028357626684781,-1.1707170513367748,-1.6306789991595312,-2.372462755159304,-2.7604731776971625,-0.8293159301133665,-0.8013630690461647,-1.825861936492298,0.10742797055742466
12,4,37.251251,62,66,2,0,0,0,0.7055605617818607,-0.45743266599203514,-0.1775817851189101,-2.300845729994692,0.724915905670574,1.3920739625146403,-1.5696557476335504,-1.062823617111336,0.18189126092421173
13,10,40.251251,66,76,6,1,7,0,2.1660436439008475,0.6035369561322713,-1.3047252046691762,-2.734269427536044,0.22887867530175765,-0.0637763979837549,-1.2409488066854213,-1.4779864051273983,0.47922777508266035
14,10,43.251251,76,86,6,1,7,0,2.189734041036963,-1.4149779269993707,-1.1366655578821634,-0.7636732380820623,-0.8320234658958414,3.4977129988736118,-4.634378556755776,-0.40273588772287217,0.691148075489725
15,6,46.251251,86,92,6,1,3,0,1.610527679921343,2.19590586964968,0.4736748494545505,0.3716351352298752,2.0329302053069163,2.355011570690632,-1.8813367212360812,0.8252869123225486,0.7489204118948971
16,6,49.251251,92,98,2,0,0,0,0.7718849750045929,-0.6458785172400295,0.11742196153560913,1.5316931105873757,0.9864824669372686,0.8167032804446686,-0.6992813189090594,1.0175287798126407,0.5597838803271649
17,4,52.251251,98,102,8,1,3,0,1.6325319611896092,0.33804273613050784,-0.3023210830651161,-0.3029420474126694,-0.4689312333816211,0.8724784484783088,-1.174799531543425,0.10550142505850951,0.6326121682093271
18,6,55.251251,102,108,2,0,0,0,0.7892772513072627,1.7342016272044476,0.7193836640442377,2.1196535857617413,0.786310284713116,0.5038520983080546,0.21553156573618315,1.616837937729805,0.6771277129748324
19,3,58.251251,108,111,8,1,2,0,1.4989192401142628,0.37641405674413364,-0.887725339712557,0.16072139921516293,-0.06009746221340251,1.42794794882304,-2.315673288535597,0.011227839779868687,0.5763201834444672
20,4,61.251251,111,115,1,0,0,0,0.8035429534046558,0.10004975755726064,-0.590294952770082,0.22934041147835288,0.5898260272634659,3.032325045814606,-3.622619998584688,0.02040846770529936,0.37298747377645725
21,7,64.251251,115,122,5,1,3,0,1.6595188757327406,-0.9628792297248585,1.9367261905465705,0.7516954309675299,0.23641031999129702,-0.2582106403176502,2.1949368308642208,1.7590905296902355,0.86974376254403
22,5,67.251251,122,127,2,0,0,0,0.8194972457802677,0.45355046977818936,-0.43348487943528635,-0.8275350420368284,0.14868404188271978,2.3019961459786993,-2.7354810254139856,-0.4256356492909904,0.29794312127266165
23,9,70.251251,127,136,7,1,7,1,2.7762828570325855,-0.10838913562327024,-0.28249462976578066,-1.4924536603602907,-0.16040578447137332,1.52269915988794,-1.8051937896537207,-0.1934034308048893,0.8424825473098781
24,3,73.251251,136,139,6,0,0,0,0.8378546041167969,0.13192945283049845,0.8601349992524647,-0.6602305876071959,-0.9047670982827796,1.6726917842084086,-0.8125567849559439,0.30941585685183365,0.4385517489396409
25,5,76.251251,139,144,9,1,5,0,1.991543477119311,0.5306493612415522,-0.04289195060081763,-1.9389954233316762,0.30330168884471465,1.38425594608875,-1.4271478966895677,-0.49305781768641915,0.6213790991444399
26,3,79.251251,144,147,4,0,0,0,0.8475193994473958,0.58320361099419,0.4949711829999845,-0.41904026220565344,1.5432501028560033,1.2240412533548235,-0.729070070354839,0.2498453102590145,0.42969381840695764
27,2,82.251251,147,149,7,0,0,0,0.8510068177992968,-0.536758822929917,-0.15381463561396141,-0.20826650886925635,0.15309721403919818,1.0031295100214908,-1.1569441456354521,0.03171113220821531,0.3885472467268621
28,9,85.251251,149,158,9,1,9,1,3.1032927086504984,0.3216576191907251,-1.1791215859448667,0.6099637002627591,0.039149831850580186,0.2918323950146666,-1.4709539809595333,0.4912442343215708,0.931944304846623
29,1,88.251251,158,159,8,0,0,0,0.8632156887767506,-0.15946933883214492,-0.2512428300857213,-0.12224251382835893,0.26819865931175757,1.3586094991254694,-1.6098523292111906,0.029061250237147535,0.39152840276559325
30,5,91.251251,159,164,9,1,5,0,2.0142833807472407,1.1724529659516039,0.45332905117189315,0.49744473476319595,-0.43955585358771593,0.3464780115296185,0.10685103964227466,0.9789577381543547,0.84557472835715
31,5,94.251251,164,169,4,0,0,0,0.869523680715662,-0.41456650144392365,-0.2982012162488796,-1.8960799474827443,0.15423439763654967,-0.2388573471912785,-0.059343869057601084,-0.8797596616868965,0.2385983689327591
32,8,97.251251,169,177,9,1,8,0,2.474607530226172,1.3079714460673633,-1.0513947693708492,-2.6237644126285016,-0.04418617908267697,0.6904071317771543,-1.7418019011480035,-1.2189277084431323,0.6211393208180674
33,7,100.251251,177,184,7,1,5,0,2.0324386253932754,0.37444452162185193,-1.1914390044798397,-1.1009710752294517,-0.11393796306747017,0.7125945028448888,-1.9040335073247285,-0.6380953835063269,0.6055034924995892
34,1,103.251251,184,185,4,0,0,0,0.8890073415139521,-1.5910137000259184,-0.2240034773658568,-0.8001447651820403,-0.6030036542618049,0.46900080456451165,-0.6930042819303684,-0.28982228589546055,0.339606333175947
35,2,106.251251,185,187,5,0,0,0,0.889925383152105,-1.0099638335155854,0.0535146501303852,1.553891531930201,-0.5020209914693314,0.7158639375004647,-0.6623492873700796,1.0261844368183193,0.5960077580685024
36,6,109.251251,187,193,7,1,4,0,1.8917467514386739,0.35305876880069875,0.08684406781471576,-0.7138268906204921,0.7240796087022585,1.0090115821744305,-0.9221675143597148,0.1594452764567803,0.7104668154327916
37,9,112.251251,193,202,3,1,3,0,1.747096813777288,-0.12339698170308155,-2.520070638714344,-2.4849476700430406,-0.4772830761325977,-0.7915194015892779,-1.7285512371250662,-2.0657349509343703,0.258060857213961
38,7,115.251251,202,209,2,0,0,0,0.9048193802523231,-1.0211005379886104,1.4897503626415596,-0.2918302887037848,-0.21451211555985306,0.760270240318586,0.7294801223229735,0.8251648820319682,0.561170828990791
39,10,118.251251,209,219,9,1,10,0,2.810592689455426,1.7522657170302454,0.3968418169025981,1.2307800362590826,-0.5839450135207873,-0.7204169601292383,1.1172587770318363,1.5164590989446969,0.9563064744178973
40,2,121.251251,219,221,9,1,2,0,1.6185148765270598,1.0636951017688543,0.3354883070792336,1.9227177011350758,0.49675176471252475,1.4492111740130156,-1.113722866933782,1.5337317232389198,0.8414695621741184
41,2,124.251251,221,223,1,0,0,0,0.9200560301354115,-1.1271237946527854,-1.6136255210336783,-1.5455068201347384,0.19821773329378112,3.0999901983379576,-4.713615719371636,-1.3495521630503555,0.18609679656030576
42,5,127.251251,223,228,3,0,0,0,0.9215833615521679,0.22400410718037111,-0.3582271843418977,1.6143395874047815,-0.6791302284077454,0.8854414173235448,-1.2436686016654424,0.8584520419194839,0.5726476279489455
43,4,130.251251,228,232,8,1,3,0,1.7753428146984873,0.8662003806319925,0.04573614331989023,4.1165269863227785,-1.3443964020085613,-0.5288185728220236,0.5745547161419138,2.524967268495956,0.9340347276679324
44,5,133.251251,232,237,2,0,0,0,0.9282917422630017,0.20332054128714216,-0.5403199014084343,-1.4552715361088129,0.6078710182941293,0.2765711800172904,-0.8168910814257248,-0.7657227831928732,0.2692112317173273
45,7,136.251251,237,244,7,1,5,0,2.0819075110310994,2.183257102931953,-0.23442106226793857,0.29935528856487986,0.663817273439062,1.081836313459459,-1.3162573757273976,0.5529439909062455,0.8085543905993616
46,10,139.251251,244,254,4,1,5,0,2.0868439816388937,1.012665516848606,-0.2072573020928708,1.193869736557358,-0.7486434733359162,-0.38154649640190186,0.17428919430903106,1.015017212641967,0.8601127263894963
47,2,142.251251,254,256,4,0,0,0,0.9436567425622866,1.0696047157053519,-0.9307498302536387,1.067694379930535,-1.2208912818699136,0.8037612283209266,-1.7345110585745651,0.3043864604790198,0.4690140737797808
48,9,145.251251,256,265,6,1,6,0,2.244987189262589,0.04297174570597534,-0.7767811116624861,1.538942322423816,-2.3688581490502587,-1.5524196879345864,0.7756385762721003,0.9423274026963121,0.8752116400251644
49,3,148.251251,265,268,5,0,0,0,0.9508488264300466,-1.462052138003998,-1.7269569458461231,-2.3613320509808227,0.31757072587313906,-1.7721529786233194,0.045196032777196304,-1.8064322918059612,0.14134940074328115
50,1,151.251251,268,269,8,0,0,0,0.9527587116234671,-0.37690396947520693,0.20509938235440683,0.05957399318998444,-1.0130554845580906,1.3890313218655999,-1.1839319395111931,0.3705263656780624,0.48493744563938934
51,5,154.251251,269,274,9,1,5,0,2.1033906096080726,-0.23333197900034894,0.21043861536091402,-1.6888367958738397,0.19265496477033178,1.7237080505567557,-1.5132694351958418,-0.21335143785444477,0.7012772817751823
52,7,157.251251,274,281,4,1,2,0,1.6565154002417148,-0.21105674738282748,-0.3648658472673939,1.6280263833135022,-1.208550781187825,-2.0970409362089075,1.7321750889415135,1.045709118083483,0.7899104597157103
53,10,160.251251,281,291,1,1,2,0,1.6607959637747889,0.6929950479442646,-0.3325800940909405,1.0954258331995912,-1.0573855670766572,0.22209694932637827,-0.5546770434173188,0.7966218604980226,0.7558855208076406
54,6,163.251251,291,297,1,0,0,0,0.9667302335867164,-0.3062373943806837,-0.1770568090226428,-0.53277370620071,0.3683919608652243,-0.634096287754662,0.45703947873201917,-0.11323269921499732,0.39400458372979225
55,9,166.251251,297,306,7,1,7,1,2.920194006788538,0.6789202827450682,0.7476657740508037,-0.5850627638856383,0.16491574601629044,0.8654424348187493,-0.11777666076794557,0.8113500067797172,0.934214880645441
56,9,169.251251,306,315,6,1,6,0,2.275261047700953,-1.1528679746637054,-0.6920024400916492,-0.6786497509675693,-0.7759915024393125,0.3596249057873989,-1.0516273458790482,-0.11651083360437098,0.7571476417631751
57,2,172.251251,315,317,5,0,0,0,0.9801816686822796,-0.6247733866166086,-1.9551339019979084,-2.1573739196938675,-0.1498597239412338,0.8847192452381991,-2.8398531472361075,-1.811208493675318,0.14520082271527252
58,9,175.251251,317,326,7,1,7,1,2.9312560969242627,1.757128540503274,4.842600843850762,0.7429680741921082,1.672184567062351,0.6123843288603008,4.230216514990461,3.5255984832525007,0.9921392862980639
59,1,178.251251,326,327,6,0,0,0,0.9860088605978897,0.09667885973623935,-0.4575375771813346,1.0626555039081966,-1.1830029427334026,2.832240377151085,-3.2897779543324197,0.5490611785129035,0.5305766918706919
60,10,181.251251,327,337,7,1,8,0,2.586528849739177,-0.7866973495776928,-1.5768061332857508,-1.9491104484921231,-1.5806581237111905,0.4731067337434838,-2.0499128670292346,-1.1163260784541427,0.6705721092560613
61,6,184.251251,337,343,7,1,4,0,1.9916432374567914,-0.6192715553147345,-1.0267949444014244,0.05001528752571205,-1.1866475619231143,1.641193786816125,-2.6679887312175494,0.009520980926341682,0.7104537215568374
62,3,187.251251,343,346,3,0,0,0,0.9946397308040325,0.06306429780551825,-0.3850677498073405,0.9972755201156319,-0.4554485326592045,0.7151152866698738,-1.1001830364772143,0.5547638178551538,0.5342907692017514
63,2,190.251251,346,348,6,0,0,0,0.9961184345502386,1.221490068468395,0.535883008528862,1.1353864836199359,-0.08278799191344077,1.4183486678406128,-0.8824656593117508,1.0846643547119585,0.6371634145230605
64,1,193.251251,348,349,8,0,0,0,0.9970971516777916,0.7082642991722663,0.5299231037645236,1.3675957079604228,0.5946779113470742,1.089120320789628,-0.5591972170251045,1.1980336937819211,0.6581236111688961
65,3,196.251251,349,352,9,1,3,0,1.8475844089814786,0.6455851187939821,1.3629014842232374,1.2859761937090644,1.346156303085913,0.8383024053983216,0.5245990788249159,1.7863349412115206,0.8953102642302206
66,2,199.251251,352,354,2,0,0,0,0.9990378713873476,0.24469563556166493,,,2.1843746057064934,,,,0.4252752670720475
