generator,trial,seed,K_true_scaled,eta_hat,zeta_hat,eta_zeta_product,K_hat_scaled,false_K_lock_null,K_within_15_positive,K_within_10_positive,full_cv_wins,full_cv_win_rate,non_full_cv_win_rate,trial_full_dominates,trial_non_full_dominates,cv_winner_counts_json
full_reciprocal_positive_control,1,920001,1.0,0.4637962752233497,1.0262572215366936,0.47597427676978254,0.985584128849675,False,True,True,3,0.5,0.5,False,False,"{""eta_only"": 2, ""full_reciprocal"": 3, ""zeta_only"": 1}"
full_reciprocal_positive_control,2,920002,1.0,0.5308872749684369,1.04601388223725,0.5553154595200891,1.0645641625395097,False,True,True,3,0.5,0.5,False,False,"{""eta_only"": 2, ""full_reciprocal"": 3, ""zeta_only"": 1}"
full_reciprocal_positive_control,3,920003,1.0,0.525242430753857,1.0249245218735334,0.5383338472080894,1.04816053374772,False,True,True,5,0.8333333333333334,0.16666666666666663,True,False,"{""full_reciprocal"": 5, ""zeta_only"": 1}"
full_reciprocal_positive_control,4,920004,1.0,0.5525513212707165,1.0453850997736676,0.5776289181166598,1.0857414640551837,False,True,True,4,0.6666666666666666,0.33333333333333337,True,False,"{""eta_only"": 1, ""full_reciprocal"": 4, ""zeta_only"": 1}"
full_reciprocal_positive_control,5,920005,1.0,0.5552363504601315,1.0460989160301941,0.5808321443569046,1.088747777576311,False,True,True,5,0.8333333333333334,0.16666666666666663,True,False,"{""eta_only"": 1, ""full_reciprocal"": 5}"
full_reciprocal_positive_control,6,920006,1.0,0.522603138493407,1.0410494456591597,0.5440557076282985,1.0537161717796673,False,True,True,4,0.6666666666666666,0.33333333333333337,True,False,"{""eta_only"": 1, ""full_reciprocal"": 4, ""zeta_only"": 1}"
full_reciprocal_positive_control,7,920007,1.0,0.5513945593624112,1.040690657907034,0.5738311667492269,1.082166352172314,False,True,True,3,0.5,0.5,False,False,"{""full_reciprocal"": 3, ""zeta_only"": 3}"
full_reciprocal_positive_control,8,920008,1.0,0.5463681705900222,1.022570772931112,0.5587001225051966,1.0678035079747858,False,True,True,2,0.3333333333333333,0.6666666666666667,False,False,"{""eta_only"": 3, ""full_reciprocal"": 2, ""zeta_only"": 1}"
full_reciprocal_positive_control,9,920009,1.0,0.5040448047799321,1.0313117968490022,0.5198273533099963,1.0299864803055607,False,True,True,5,0.8333333333333334,0.16666666666666663,True,False,"{""full_reciprocal"": 5, ""zeta_only"": 1}"
full_reciprocal_positive_control,10,920010,1.0,0.45979973802124685,1.0354420371997186,0.47609597744061677,0.9857101215653418,False,True,True,4,0.6666666666666666,0.33333333333333337,True,False,"{""eta_only"": 1, ""full_reciprocal"": 4, ""zeta_only"": 1}"
full_reciprocal_positive_control,11,920011,1.0,0.5227910459582985,1.0243514263328077,0.5355217536014035,1.045419312028455,False,True,True,4,0.6666666666666666,0.33333333333333337,True,False,"{""eta_only"": 1, ""full_reciprocal"": 4, ""zeta_only"": 1}"
full_reciprocal_positive_control,12,920012,1.0,0.5252163017092957,1.0666804538373056,0.5602379630700227,1.0692720803310807,False,True,True,5,0.8333333333333334,0.16666666666666663,True,False,"{""eta_only"": 1, ""full_reciprocal"": 5}"
full_reciprocal_positive_control,13,920013,1.0,0.546298329631558,1.0319408166576234,0.5637475444186855,1.0726160509199902,False,True,True,5,0.8333333333333334,0.16666666666666663,True,False,"{""eta_only"": 1, ""full_reciprocal"": 5}"
full_reciprocal_positive_control,14,920014,1.0,0.5094305634706506,1.0503876749105436,0.5350995850923048,1.0450071624520725,False,True,True,3,0.5,0.5,False,False,"{""full_reciprocal"": 3, ""zeta_only"": 3}"
full_reciprocal_positive_control,15,920015,1.0,0.5487586006492873,1.0161411568555747,0.5576161992982132,1.066767192720952,False,True,True,5,0.8333333333333334,0.16666666666666663,True,False,"{""full_reciprocal"": 5, ""zeta_only"": 1}"
full_reciprocal_positive_control,16,920016,1.0,0.5529740225427454,1.030081603956656,0.5696083680871953,1.0781771919869232,False,True,True,4,0.6666666666666666,0.33333333333333337,True,False,"{""eta_only"": 1, ""full_reciprocal"": 4, ""zeta_only"": 1}"
full_reciprocal_positive_control,17,920017,1.0,0.5313243112306283,1.0344900875818153,0.5496497332593203,1.059119516158973,False,True,True,4,0.6666666666666666,0.33333333333333337,True,False,"{""eta_only"": 1, ""full_reciprocal"": 4, ""zeta_only"": 1}"
full_reciprocal_positive_control,18,920018,1.0,0.44456252484084596,1.015917758835032,0.4516389638983555,0.9600584207334123,False,True,True,6,1.0,0.0,True,False,"{""full_reciprocal"": 6}"
full_reciprocal_positive_control,19,920019,1.0,0.5214997048953346,1.0090230802075486,0.5262052385608181,1.0362857916428525,False,True,True,3,0.5,0.5,False,False,"{""eta_only"": 2, ""full_reciprocal"": 3, ""standard_ping"": 1}"
full_reciprocal_positive_control,20,920020,1.0,0.49995637656315456,1.0204407304339864,0.5101758500852346,1.020379931327337,False,True,True,4,0.6666666666666666,0.33333333333333337,True,False,"{""eta_only"": 1, ""full_reciprocal"": 4, ""zeta_only"": 1}"
full_reciprocal_positive_control,21,920021,1.0,0.46247894720922456,1.0679190791949793,0.49389009145073853,1.0039616338009956,False,True,True,5,0.8333333333333334,0.16666666666666663,True,False,"{""eta_only"": 1, ""full_reciprocal"": 5}"
full_reciprocal_positive_control,22,920022,1.0,0.5551602104121084,0.9982277025625566,0.5541763013938245,1.063471693869125,False,True,True,6,1.0,0.0,True,False,"{""full_reciprocal"": 6}"
full_reciprocal_positive_control,23,920023,1.0,0.4635677824951331,1.0119728253504954,0.46911799859306375,0.9784598461858766,False,True,True,5,0.8333333333333334,0.16666666666666663,True,False,"{""eta_only"": 1, ""full_reciprocal"": 5}"
full_reciprocal_positive_control,24,920024,1.0,0.5396821211147163,1.0171142430275222,0.5489183720930821,1.058414652062304,False,True,True,3,0.5,0.5,False,False,"{""eta_only"": 1, ""full_reciprocal"": 3, ""zeta_only"": 2}"
full_reciprocal_positive_control,25,920025,1.0,0.5349837738871958,1.0328584298303582,0.5525625006818484,1.0619221124075433,False,True,True,6,1.0,0.0,True,False,"{""full_reciprocal"": 6}"
full_reciprocal_positive_control,26,920026,1.0,0.5059954345342494,1.074524861437606,0.5437046741809756,1.0533761796621102,False,True,True,5,0.8333333333333334,0.16666666666666663,True,False,"{""eta_only"": 1, ""full_reciprocal"": 5}"
full_reciprocal_positive_control,27,920027,1.0,0.5080414965802936,1.0408805148675926,0.5288104945345983,1.038847963316546,False,True,True,4,0.6666666666666666,0.33333333333333337,True,False,"{""eta_only"": 1, ""full_reciprocal"": 4, ""zeta_only"": 1}"
full_reciprocal_positive_control,28,920028,1.0,0.5540899175379049,1.0255689321744443,0.5682574050579751,1.076897854912078,False,True,True,6,1.0,0.0,True,False,"{""full_reciprocal"": 6}"
full_reciprocal_positive_control,29,920029,1.0,0.5839516123301564,1.0348108729713412,0.6042794777283913,1.110505931517474,False,True,False,5,0.8333333333333334,0.16666666666666663,True,False,"{""full_reciprocal"": 5, ""zeta_only"": 1}"
full_reciprocal_positive_control,30,920030,1.0,0.4808065692584013,1.0413202106139001,0.5006735979647052,1.0108327522341143,False,True,True,5,0.8333333333333334,0.16666666666666663,True,False,"{""full_reciprocal"": 5, ""zeta_only"": 1}"
full_reciprocal_positive_control,31,920031,1.0,0.4767248161074648,1.0523242408099922,0.5016690801855711,1.0118371654363703,False,True,True,4,0.6666666666666666,0.33333333333333337,True,False,"{""full_reciprocal"": 4, ""zeta_only"": 2}"
full_reciprocal_positive_control,32,920032,1.0,0.5096264019623497,1.0326375173330915,0.5262593424897969,1.0363390652399642,False,True,True,6,1.0,0.0,True,False,"{""full_reciprocal"": 6}"
full_reciprocal_positive_control,33,920033,1.0,0.48374343442637335,1.0482538152060414,0.5070859007183194,1.0172852034407203,False,True,True,2,0.3333333333333333,0.6666666666666667,False,False,"{""eta_only"": 2, ""full_reciprocal"": 2, ""zeta_only"": 2}"
full_reciprocal_positive_control,34,920034,1.0,0.4953532720509545,1.0358178707255221,0.51309577151274,1.0232957673991525,False,True,True,5,0.8333333333333334,0.16666666666666663,True,False,"{""eta_only"": 1, ""full_reciprocal"": 5}"
full_reciprocal_positive_control,35,920035,1.0,0.4810352520814884,1.0605912907636523,0.5101817989079247,1.0203858802972778,False,True,True,5,0.8333333333333334,0.16666666666666663,True,False,"{""eta_only"": 1, ""full_reciprocal"": 5}"
full_reciprocal_positive_control,36,920036,1.0,0.5703259222573838,1.021866971931428,0.5827972231911517,1.0905879552540492,False,True,True,6,1.0,0.0,True,False,"{""full_reciprocal"": 6}"
full_reciprocal_positive_control,37,920037,1.0,0.4470171323714862,1.0559990826150323,0.4720496816974919,0.9815124539922152,False,True,True,4,0.6666666666666666,0.33333333333333337,True,False,"{""eta_only"": 1, ""full_reciprocal"": 4, ""zeta_only"": 1}"
full_reciprocal_positive_control,38,920038,1.0,0.508502991931693,1.038221540470591,0.5279387596172268,1.0379913487284742,False,True,True,5,0.8333333333333334,0.16666666666666663,True,False,"{""eta_only"": 1, ""full_reciprocal"": 5}"
full_reciprocal_positive_control,39,920039,1.0,0.5140469393931827,1.0421353312093593,0.5357064774416719,1.0455996008947055,False,True,True,6,1.0,0.0,True,False,"{""full_reciprocal"": 6}"
full_reciprocal_positive_control,40,920040,1.0,0.5853296574920276,1.0209063535566454,0.597566766258746,1.1043206114045645,False,True,False,4,0.6666666666666666,0.33333333333333337,True,False,"{""eta_only"": 1, ""full_reciprocal"": 4, ""zeta_only"": 1}"
full_reciprocal_positive_control,41,920041,1.0,0.5292471004005609,1.052267137332219,0.5569093312798757,1.0660908289977997,False,True,True,4,0.6666666666666666,0.33333333333333337,True,False,"{""eta_only"": 1, ""full_reciprocal"": 4, ""zeta_only"": 1}"
full_reciprocal_positive_control,42,920042,1.0,0.5134530183468311,1.057962009622593,0.5432137871369995,1.0529005487631362,False,True,True,4,0.6666666666666666,0.33333333333333337,True,False,"{""eta_only"": 1, ""full_reciprocal"": 4, ""zeta_only"": 1}"
full_reciprocal_positive_control,43,920043,1.0,0.577946167757904,1.0311130260108208,0.5959278219082098,1.1028051633829532,False,True,False,3,0.5,0.5,False,False,"{""eta_only"": 2, ""full_reciprocal"": 3, ""zeta_only"": 1}"
full_reciprocal_positive_control,44,920044,1.0,0.5175618517168054,1.0540107220642068,0.5455157410409179,1.055129106174098,False,True,True,3,0.5,0.5,False,False,"{""eta_only"": 2, ""full_reciprocal"": 3, ""zeta_only"": 1}"
full_reciprocal_positive_control,45,920045,1.0,0.46538236145590345,1.055521485512664,0.49122108149532673,1.0012452262316596,False,True,True,5,0.8333333333333334,0.16666666666666663,True,False,"{""eta_only"": 1, ""full_reciprocal"": 5}"
full_reciprocal_positive_control,46,920046,1.0,0.5277773844426422,1.078698650774867,0.5693127525077665,1.0778973792620203,False,True,True,6,1.0,0.0,True,False,"{""full_reciprocal"": 6}"
full_reciprocal_positive_control,47,920047,1.0,0.5489911804445482,1.0427663885996517,0.5724695506052212,1.0808816796101126,False,True,True,4,0.6666666666666666,0.33333333333333337,True,False,"{""eta_only"": 1, ""full_reciprocal"": 4, ""zeta_only"": 1}"
full_reciprocal_positive_control,48,920048,1.0,0.523185122275435,1.0349512905764728,0.5414711175093712,1.051210301013979,False,True,True,4,0.6666666666666666,0.33333333333333337,True,False,"{""full_reciprocal"": 4, ""zeta_only"": 2}"
full_reciprocal_positive_control,49,920049,1.0,0.526669211602424,1.0038708692380243,0.5287078792522303,1.0387471645897894,False,True,True,4,0.6666666666666666,0.33333333333333337,True,False,"{""full_reciprocal"": 4, ""zeta_only"": 2}"
full_reciprocal_positive_control,50,920050,1.0,0.5136587665326403,1.0454962203641291,0.5370282989667761,1.04688878126588,False,True,True,4,0.6666666666666666,0.33333333333333337,True,False,"{""eta_only"": 1, ""full_reciprocal"": 4, ""zeta_only"": 1}"
full_reciprocal_positive_control,51,920051,1.0,0.5693762485703686,1.0307936271595697,0.5869094084823591,1.0944287564867905,False,True,True,6,1.0,0.0,True,False,"{""full_reciprocal"": 6}"
full_reciprocal_positive_control,52,920052,1.0,0.508555079366196,1.0620046557710612,0.5400878620029217,1.049866718463146,False,True,True,5,0.8333333333333334,0.16666666666666663,True,False,"{""eta_only"": 1, ""full_reciprocal"": 5}"
full_reciprocal_positive_control,53,920053,1.0,0.5502577273894312,1.0415373965629402,0.5731140008238282,1.0814899027936171,False,True,True,4,0.6666666666666666,0.33333333333333337,True,False,"{""eta_only"": 2, ""full_reciprocal"": 4}"
full_reciprocal_positive_control,54,920054,1.0,0.5417328133042556,1.04125804865353,0.5640836520727763,1.072935751421834,False,True,True,5,0.8333333333333334,0.16666666666666663,True,False,"{""eta_only"": 1, ""full_reciprocal"": 5}"
full_reciprocal_positive_control,55,920055,1.0,0.5285693229672561,1.0416541140376743,0.5505864098229505,1.0600215725788567,False,True,True,2,0.3333333333333333,0.6666666666666667,False,False,"{""eta_only"": 1, ""full_reciprocal"": 2, ""standard_ping"": 1, ""zeta_only"": 2}"
full_reciprocal_positive_control,56,920056,1.0,0.5421338206504293,1.0253103006729227,0.5558553906560519,1.0650815726698695,False,True,True,4,0.6666666666666666,0.33333333333333337,True,False,"{""eta_only"": 1, ""full_reciprocal"": 4, ""zeta_only"": 1}"
full_reciprocal_positive_control,57,920057,1.0,0.47588404228033104,1.0511762147289674,0.5002379862141583,1.010392918332591,False,True,True,4,0.6666666666666666,0.33333333333333337,True,False,"{""eta_only"": 1, ""full_reciprocal"": 4, ""zeta_only"": 1}"
full_reciprocal_positive_control,58,920058,1.0,0.5012187644194309,1.0648089040073285,0.5337022032093617,1.0436417823252497,False,True,True,5,0.8333333333333334,0.16666666666666663,True,False,"{""eta_only"": 1, ""full_reciprocal"": 5}"
full_reciprocal_positive_control,59,920059,1.0,0.5915733611253848,1.0615940600220044,0.6280107662379607,1.1321018615722838,False,True,False,5,0.8333333333333334,0.16666666666666663,True,False,"{""eta_only"": 1, ""full_reciprocal"": 5}"
full_reciprocal_positive_control,60,920060,1.0,0.47989462431159446,1.0276013150915495,0.49314034704795956,1.0031993179455656,False,True,True,4,0.6666666666666666,0.33333333333333337,True,False,"{""eta_only"": 1, ""full_reciprocal"": 4, ""zeta_only"": 1}"
standard_ping_null,1,930001,0.0,-0.021844764320907817,0.23264285157977962,-0.005082028263704223,0.10184049416836899,False,False,False,1,0.16666666666666666,0.8333333333333334,False,True,"{""eta_only"": 4, ""full_reciprocal"": 1, ""zeta_only"": 1}"
standard_ping_null,2,930002,0.0,0.003929057068411622,0.044469939139848425,0.0001747249287092561,0.018883365355829643,False,False,False,4,0.6666666666666666,0.33333333333333337,True,False,"{""eta_only"": 2, ""full_reciprocal"": 4}"
standard_ping_null,3,930003,0.0,0.007796081502859398,-0.16566866914173867,-0.0012915664470992425,0.051340528747172744,False,False,False,2,0.3333333333333333,0.6666666666666667,False,False,"{""eta_only"": 4, ""full_reciprocal"": 2}"
standard_ping_null,4,930004,0.0,0.003349708628897304,0.17670901295924296,0.0005919237055135016,0.03475640318376533,False,False,False,3,0.5,0.5,False,False,"{""eta_only"": 3, ""full_reciprocal"": 3}"
standard_ping_null,5,930005,0.0,-0.031092775245681197,-0.15436833581211123,0.004799739970455815,0.09897165096535362,False,False,False,1,0.16666666666666666,0.8333333333333334,False,True,"{""eta_only"": 2, ""full_reciprocal"": 1, ""standard_ping"": 3}"
standard_ping_null,6,930006,0.0,-0.017083104795704178,0.18877977185358252,-0.003224944625883876,0.08112656559143233,False,False,False,4,0.6666666666666666,0.33333333333333337,True,False,"{""eta_only"": 2, ""full_reciprocal"": 4}"
standard_ping_null,7,930007,0.0,-0.0024623810696205164,-0.16579312191117201,0.0004082458448673564,0.028864420753647296,False,False,False,3,0.5,0.5,False,False,"{""eta_only"": 3, ""full_reciprocal"": 3}"
standard_ping_null,8,930008,0.0,0.03037573296688775,-0.17223073828333563,-0.005231634914784534,0.10332863082679392,False,False,False,2,0.3333333333333333,0.6666666666666667,False,False,"{""eta_only"": 4, ""full_reciprocal"": 2}"
standard_ping_null,9,930009,0.0,0.0045520039947713215,0.030842607295281432,0.0001403956716172842,0.016926954209508103,False,False,False,0,0.0,1.0,False,True,"{""eta_only"": 5, ""standard_ping"": 1}"
standard_ping_null,10,930010,0.0,0.0087987943799627,0.30984442874399887,0.0027262574182954505,0.07459082148349455,False,False,False,4,0.6666666666666666,0.33333333333333337,True,False,"{""eta_only"": 2, ""full_reciprocal"": 4}"
standard_ping_null,11,930011,0.0,0.006033675354440406,0.10120186967621463,0.0006106192268886661,0.03530101538947414,False,False,False,4,0.6666666666666666,0.33333333333333337,True,False,"{""eta_only"": 1, ""full_reciprocal"": 4, ""standard_ping"": 1}"
standard_ping_null,12,930012,0.0,-0.047501662559241,4.33778552830621e-05,-2.0605202441996056e-06,0.00205064461950612,False,False,False,3,0.5,0.5,False,False,"{""eta_only"": 3, ""full_reciprocal"": 3}"
standard_ping_null,13,930013,0.0,-0.035218747944082224,-0.02505929836654694,0.000882557112826968,0.0424398040164301,False,False,False,2,0.3333333333333333,0.6666666666666667,False,False,"{""eta_only"": 3, ""full_reciprocal"": 2, ""standard_ping"": 1}"
standard_ping_null,14,930014,0.0,0.03087086422353673,0.053604778456670776,0.0016548258374686502,0.058113643722199314,False,False,False,3,0.5,0.5,False,False,"{""eta_only"": 3, ""full_reciprocal"": 3}"
standard_ping_null,15,930015,0.0,-0.004195266780935167,0.1289132109066413,-0.0005408253113403212,0.0332223588142734,False,False,False,2,0.3333333333333333,0.6666666666666667,False,False,"{""eta_only"": 4, ""full_reciprocal"": 2}"
standard_ping_null,16,930016,0.0,0.0163957390797222,-0.06005822738978364,-0.0009846990258735179,0.04482844910011348,False,False,False,2,0.3333333333333333,0.6666666666666667,False,False,"{""eta_only"": 3, ""full_reciprocal"": 2, ""standard_ping"": 1}"
standard_ping_null,17,930017,0.0,0.00725113049824792,0.09174723276621921,0.000665271157640983,0.036846929859672695,False,False,False,4,0.6666666666666666,0.33333333333333337,True,False,"{""eta_only"": 2, ""full_reciprocal"": 4}"
standard_ping_null,18,930018,0.0,0.010777055428069808,0.0393793917753116,0.0004243938878862094,0.0294297464358424,False,False,False,4,0.6666666666666666,0.33333333333333337,True,False,"{""full_reciprocal"": 4, ""sensory_drive_only"": 1, ""standard_ping"": 1}"
standard_ping_null,19,930019,0.0,0.00687768052621944,0.07448216865018178,0.0005122645608759474,0.032333231810919676,False,False,False,3,0.5,0.5,False,False,"{""eta_only"": 1, ""full_reciprocal"": 3, ""sensory_drive_only"": 1, ""standard_ping"": 1}"
standard_ping_null,20,930020,0.0,-0.0390555247163641,-0.027515230912017186,0.0010746217809607527,0.04683060618260357,False,False,False,2,0.3333333333333333,0.6666666666666667,False,False,"{""eta_only"": 4, ""full_reciprocal"": 2}"
standard_ping_null,21,930021,0.0,-0.013171049760774562,-0.016916361501855492,0.0002228062391121898,0.021323850741201515,False,False,False,2,0.3333333333333333,0.6666666666666667,False,False,"{""eta_only"": 4, ""full_reciprocal"": 2}"
standard_ping_null,22,930022,0.0,-0.023265515930917777,0.06975471109155765,-0.0016228793421572015,0.057549966615660836,False,False,False,1,0.16666666666666666,0.8333333333333334,False,True,"{""eta_only"": 4, ""full_reciprocal"": 1, ""standard_ping"": 1}"
standard_ping_null,23,930023,0.0,0.018959601068279406,-0.43637853014031447,-0.008273562846222503,0.12994161048389377,False,False,False,3,0.5,0.5,False,False,"{""eta_only"": 2, ""full_reciprocal"": 3, ""sensory_drive_only"": 1}"
standard_ping_null,24,930024,0.0,-0.04112215097982457,-0.03452936842041193,0.001419921901422166,0.05383121584007505,False,False,False,6,1.0,0.0,True,False,"{""full_reciprocal"": 6}"
standard_ping_null,25,930025,0.0,-0.06916529560024386,0.4331966292029044,-0.029962172911848113,0.24727978416529098,False,False,False,2,0.3333333333333333,0.6666666666666667,False,False,"{""eta_only"": 2, ""full_reciprocal"": 2, ""zeta_only"": 2}"
standard_ping_null,26,930026,0.0,0.030417710020667215,-0.2475466475377177,-0.007529802141390611,0.12396347504686664,False,False,False,3,0.5,0.5,False,False,"{""eta_only"": 2, ""full_reciprocal"": 3, ""sensory_drive_only"": 1}"
standard_ping_null,27,930027,0.0,0.053906767834633045,-0.03405542208631438,-0.001835817731917384,0.06120920518869197,False,False,False,3,0.5,0.5,False,False,"{""eta_only"": 1, ""full_reciprocal"": 3, ""sensory_drive_only"": 1, ""standard_ping"": 1}"
standard_ping_null,28,930028,0.0,-0.017436519027224987,-0.05827007736758558,0.001016027312737778,0.045535976195051335,False,False,False,2,0.3333333333333333,0.6666666666666667,False,False,"{""eta_only"": 4, ""full_reciprocal"": 2}"
standard_ping_null,29,930029,0.0,-0.05660701623288767,-0.017403251744489756,0.0009851461540053624,0.04483862570499886,False,False,False,4,0.6666666666666666,0.33333333333333337,True,False,"{""eta_only"": 2, ""full_reciprocal"": 4}"
standard_ping_null,30,930030,0.0,-0.009262007757562434,0.07234167634938365,-0.0006700291675430623,0.03697845946458014,False,False,False,1,0.16666666666666666,0.8333333333333334,False,True,"{""eta_only"": 4, ""full_reciprocal"": 1, ""standard_ping"": 1}"
standard_ping_null,31,930031,0.0,0.011125373382745933,-0.07420932515743034,-0.0008256064508580137,0.04104766892528768,False,False,False,1,0.16666666666666666,0.8333333333333334,False,True,"{""eta_only"": 4, ""full_reciprocal"": 1, ""standard_ping"": 1}"
standard_ping_null,32,930032,0.0,-0.04266484097969981,0.13160071737150622,-0.005614723679469732,0.10704494268306122,False,False,False,3,0.5,0.5,False,False,"{""eta_only"": 3, ""full_reciprocal"": 3}"
standard_ping_null,33,930033,0.0,0.0027487422543667783,0.008497120310082276,2.3356393636761294e-05,0.006904064705865535,False,False,False,0,0.0,1.0,False,True,"{""eta_only"": 2, ""sensory_drive_only"": 2, ""standard_ping"": 2}"
standard_ping_null,34,930034,0.0,-0.003058222962255042,0.07614267556048943,-0.00023286127880662455,0.02179970411738096,False,False,False,2,0.3333333333333333,0.6666666666666667,False,False,"{""eta_only"": 4, ""full_reciprocal"": 2}"
standard_ping_null,35,930035,0.0,-0.001626354137218475,0.08021049408920515,-0.00013045066891031684,0.016316428987956096,False,False,False,0,0.0,1.0,False,True,"{""eta_only"": 5, ""standard_ping"": 1}"
standard_ping_null,36,930036,0.0,0.009145101413058722,0.007687690435795147,7.030470866754822e-05,0.011978271882066741,False,False,False,1,0.16666666666666666,0.8333333333333334,False,True,"{""eta_only"": 5, ""full_reciprocal"": 1}"
standard_ping_null,37,930037,0.0,0.0045006092428179715,-0.06492374349008008,-0.00029219640002979753,0.02441964749406266,False,False,False,3,0.5,0.5,False,False,"{""eta_only"": 1, ""full_reciprocal"": 3, ""sensory_drive_only"": 1, ""standard_ping"": 1}"
standard_ping_null,38,930038,0.0,0.039450760945061565,-0.10307261271335127,-0.004066293004137335,0.09109641678628574,False,False,False,2,0.3333333333333333,0.6666666666666667,False,False,"{""eta_only"": 3, ""full_reciprocal"": 2, ""zeta_only"": 1}"
standard_ping_null,39,930039,0.0,0.02910577586536281,0.07501295575819003,0.0021833102772962558,0.06675129406826716,False,False,False,3,0.5,0.5,False,False,"{""eta_only"": 2, ""full_reciprocal"": 3, ""standard_ping"": 1}"
standard_ping_null,40,930040,0.0,-0.03687434314693702,-0.02798179095360594,0.0010318101614891235,0.04588828852166085,False,False,False,0,0.0,1.0,False,True,"{""eta_only"": 5, ""standard_ping"": 1}"
standard_ping_null,41,930041,0.0,0.07420057773668928,-0.10862270668652478,-0.00805986759146308,0.12825252188683395,False,False,False,3,0.5,0.5,False,False,"{""eta_only"": 3, ""full_reciprocal"": 3}"
standard_ping_null,42,930042,0.0,-0.02914641364772837,-0.06967325197463198,0.002030725422235031,0.06437652985675775,False,False,False,1,0.16666666666666666,0.8333333333333334,False,True,"{""eta_only"": 5, ""full_reciprocal"": 1}"
standard_ping_null,43,930043,0.0,0.007367579695126961,0.025042253290857328,0.00018450079686594678,0.019404438628879018,False,False,False,1,0.16666666666666666,0.8333333333333334,False,True,"{""eta_only"": 5, ""full_reciprocal"": 1}"
standard_ping_null,44,930044,0.0,-0.01810289455171872,-0.1534053414120149,0.002777080719252115,0.07528287768107096,False,False,False,1,0.16666666666666666,0.8333333333333334,False,True,"{""eta_only"": 4, ""full_reciprocal"": 1, ""standard_ping"": 1}"
standard_ping_null,45,930045,0.0,0.008593884367283549,-0.10034076468908412,-0.0008623169290627971,0.04195033334164457,False,False,False,4,0.6666666666666666,0.33333333333333337,True,False,"{""eta_only"": 2, ""full_reciprocal"": 4}"
standard_ping_null,46,930046,0.0,-0.06061969747960659,0.13400827158551143,-0.008123540883278662,0.12875812542839385,False,False,False,2,0.3333333333333333,0.6666666666666667,False,False,"{""eta_only"": 4, ""full_reciprocal"": 2}"
standard_ping_null,47,930047,0.0,-0.037853466461784786,-0.005932514630477558,0.00022456624359882982,0.02140790639750049,False,False,False,2,0.3333333333333333,0.6666666666666667,False,False,"{""eta_only"": 3, ""full_reciprocal"": 2, ""standard_ping"": 1}"
standard_ping_null,48,930048,0.0,-0.01783060127464457,-0.12076988069170108,0.0021533995886001177,0.06629248100621536,False,False,False,4,0.6666666666666666,0.33333333333333337,True,False,"{""full_reciprocal"": 4, ""standard_ping"": 1, ""zeta_only"": 1}"
standard_ping_null,49,930049,0.0,-0.004122930277597304,0.0275178945401304,-0.00011345436057523317,0.015216422423750823,False,False,False,1,0.16666666666666666,0.8333333333333334,False,True,"{""eta_only"": 4, ""full_reciprocal"": 1, ""standard_ping"": 1}"
standard_ping_null,50,930050,0.0,-0.05175711587179556,-0.06549126830875324,0.0033896391624469936,0.0831722967325622,False,False,False,1,0.16666666666666666,0.8333333333333334,False,True,"{""eta_only"": 5, ""full_reciprocal"": 1}"
standard_ping_null,51,930051,0.0,-0.004497962269970913,-0.21410494048243134,0.0009630359441043441,0.04433260062035576,False,False,False,4,0.6666666666666666,0.33333333333333337,True,False,"{""eta_only"": 2, ""full_reciprocal"": 4}"
standard_ping_null,52,930052,0.0,-0.003636193848090546,0.23366308655581453,-0.0008496442778601016,0.041640940359221085,False,False,False,3,0.5,0.5,False,False,"{""eta_only"": 2, ""full_reciprocal"": 3, ""standard_ping"": 1}"
standard_ping_null,53,930053,0.0,0.009265701893708917,0.10816444811069349,0.0010022195316912326,0.045225501468124506,False,False,False,2,0.3333333333333333,0.6666666666666667,False,False,"{""eta_only"": 3, ""full_reciprocal"": 2, ""standard_ping"": 1}"
standard_ping_null,54,930054,0.0,-0.0166092848768941,0.2615222802623107,-0.004343698054531658,0.09415248221479594,False,False,False,2,0.3333333333333333,0.6666666666666667,False,False,"{""eta_only"": 4, ""full_reciprocal"": 2}"
standard_ping_null,55,930055,0.0,-0.013353700618291378,0.0638382586759727,-0.0008524769943519816,0.04171029810568691,False,False,False,3,0.5,0.5,False,False,"{""eta_only"": 3, ""full_reciprocal"": 3}"
standard_ping_null,56,930056,0.0,0.021163784511126094,-0.45901125537458126,-0.009714415296929107,0.14080247633004062,False,False,False,3,0.5,0.5,False,False,"{""eta_only"": 3, ""full_reciprocal"": 3}"
standard_ping_null,57,930057,0.0,-0.04881410726777453,0.21285577771870684,-0.010390364766126528,0.14561876957768682,False,False,False,2,0.3333333333333333,0.6666666666666667,False,False,"{""eta_only"": 3, ""full_reciprocal"": 2, ""zeta_only"": 1}"
standard_ping_null,58,930058,0.0,0.031836445048807054,0.0901171451775051,0.0028690095403990086,0.07651876574421719,False,False,False,3,0.5,0.5,False,False,"{""eta_only"": 2, ""full_reciprocal"": 3, ""zeta_only"": 1}"
standard_ping_null,59,930059,0.0,-0.025693822947721507,-0.15897853055702477,0.004084766216621127,0.09130310829835465,False,False,False,3,0.5,0.5,False,False,"{""eta_only"": 2, ""full_reciprocal"": 3, ""standard_ping"": 1}"
standard_ping_null,60,930060,0.0,0.0001793988103264959,0.17650519454988284,3.166482191869569e-05,0.008038786323093714,False,False,False,4,0.6666666666666666,0.33333333333333337,True,False,"{""eta_only"": 2, ""full_reciprocal"": 4}"
replay_only_null,1,940001,0.0,0.06110605416036077,0.27446948406468,0.016771747158622615,0.18500825772316337,False,False,False,0,0.0,1.0,False,True,"{""replay_only_basis"": 6}"
replay_only_null,2,940002,0.0,0.039050078697844236,0.22000690264342587,0.008591286862294736,0.13241313565684884,False,False,False,0,0.0,1.0,False,True,"{""replay_only_basis"": 5, ""zeta_only"": 1}"
replay_only_null,3,940003,0.0,-0.027195761635456988,-0.25174179263891217,0.0068463097862904955,0.11820347198093613,False,False,False,1,0.16666666666666666,0.8333333333333334,False,True,"{""full_reciprocal"": 1, ""replay_only_basis"": 4, ""zeta_only"": 1}"
replay_only_null,4,940004,0.0,0.020102173937657345,0.015144205611854089,0.0003044314553571374,0.024925663168756843,False,False,False,0,0.0,1.0,False,True,"{""replay_only_basis"": 2, ""zeta_only"": 4}"
replay_only_null,5,940005,0.0,0.02224907656216306,0.03761324106468858,0.0008368598801993518,0.04132647222458372,False,False,False,0,0.0,1.0,False,True,"{""eta_only"": 2, ""replay_only_basis"": 2, ""zeta_only"": 2}"
replay_only_null,6,940006,0.0,0.059158271898551745,-0.06106911840326146,-0.0036127435111049915,0.08586586016008106,False,False,False,1,0.16666666666666666,0.8333333333333334,False,True,"{""eta_only"": 1, ""full_reciprocal"": 1, ""replay_only_basis"": 2, ""zeta_only"": 2}"
replay_only_null,7,940007,0.0,0.033539010775075685,-0.23776956384551123,-0.007974555963799647,0.12757195619631448,False,False,False,1,0.16666666666666666,0.8333333333333334,False,True,"{""full_reciprocal"": 1, ""generic_hidden_oscillator"": 1, ""replay_only_basis"": 2, ""zeta_only"": 2}"
replay_only_null,8,940008,0.0,0.013874749750254522,-0.07950535731156927,-0.0011031169365025922,0.04744743464178989,False,False,False,1,0.16666666666666666,0.8333333333333334,False,True,"{""full_reciprocal"": 1, ""replay_only_basis"": 4, ""zeta_only"": 1}"
replay_only_null,9,940009,0.0,0.024059012839044543,-0.05794176162079832,-0.0013940215867516452,0.053337997841865686,False,False,False,0,0.0,1.0,False,True,"{""eta_only"": 2, ""replay_only_basis"": 4}"
replay_only_null,10,940010,0.0,0.007259120371200736,-0.18935358021317866,-0.001374540431485278,0.0529639929957286,False,False,False,0,0.0,1.0,False,True,"{""eta_only"": 1, ""replay_only_basis"": 3, ""zeta_only"": 2}"
replay_only_null,11,940011,0.0,0.005962133788437729,0.061758619375743395,0.0003682131513073847,0.02741268704143024,False,False,False,2,0.3333333333333333,0.6666666666666667,False,False,"{""full_reciprocal"": 2, ""replay_only_basis"": 1, ""zeta_only"": 3}"
replay_only_null,12,940012,0.0,0.057409485906812566,-0.0037728524677034803,-0.00021659752057310596,0.02102464640063287,False,False,False,0,0.0,1.0,False,True,"{""replay_only_basis"": 3, ""zeta_only"": 3}"
replay_only_null,13,940013,0.0,0.01679172658580219,0.08083424115023911,0.0013573464761656156,0.05263169054208294,False,False,False,0,0.0,1.0,False,True,"{""eta_only"": 1, ""replay_only_basis"": 4, ""zeta_only"": 1}"
replay_only_null,14,940014,0.0,0.00800307628515989,-0.24509048044006054,-0.0019614778117282923,0.06326939182813944,False,False,False,0,0.0,1.0,False,True,"{""eta_only"": 1, ""replay_only_basis"": 4, ""zeta_only"": 1}"
replay_only_null,15,940015,0.0,0.01161156623787974,0.11436396088845383,0.0013279447070825695,0.0520585366577281,False,False,False,1,0.16666666666666666,0.8333333333333334,False,True,"{""eta_only"": 3, ""full_reciprocal"": 1, ""replay_only_basis"": 1, ""zeta_only"": 1}"
replay_only_null,16,940016,0.0,-0.0011527190854177284,-0.05313798841563144,6.125317340740453e-05,0.011180629514550686,False,False,False,1,0.16666666666666666,0.8333333333333334,False,True,"{""eta_only"": 1, ""full_reciprocal"": 1, ""replay_only_basis"": 2, ""standard_ping"": 1, ""zeta_only"": 1}"
replay_only_null,17,940017,0.0,0.030387591096914083,0.09583149524093815,0.0029120882915874965,0.07709109760387643,False,False,False,2,0.3333333333333333,0.6666666666666667,False,False,"{""eta_only"": 2, ""full_reciprocal"": 2, ""replay_only_basis"": 1, ""zeta_only"": 1}"
replay_only_null,18,940018,0.0,0.0114397170992428,-0.15671440423951832,-0.001792768449876466,0.06048728066458989,False,False,False,0,0.0,1.0,False,True,"{""eta_only"": 1, ""replay_only_basis"": 3, ""zeta_only"": 2}"
replay_only_null,19,940019,0.0,0.010872865049955176,-0.12457023748838485,-0.0013544353814520756,0.05257522077650377,False,False,False,0,0.0,1.0,False,True,"{""eta_only"": 1, ""replay_only_basis"": 3, ""zeta_only"": 2}"
replay_only_null,20,940020,0.0,0.01973581257163662,0.00925013295730448,0.00018255889030807995,0.01930205076912919,False,False,False,2,0.3333333333333333,0.6666666666666667,False,False,"{""full_reciprocal"": 2, ""replay_only_basis"": 3, ""zeta_only"": 1}"
replay_only_null,21,940021,0.0,0.00872196208928052,-0.08186668986932266,-0.0007140381654151179,0.03817356082087626,False,False,False,1,0.16666666666666666,0.8333333333333334,False,True,"{""eta_only"": 1, ""full_reciprocal"": 1, ""replay_only_basis"": 3, ""zeta_only"": 1}"
replay_only_null,22,940022,0.0,0.023165924608729238,-0.17606502543151265,-0.004078709105380418,0.0912353886023917,False,False,False,0,0.0,1.0,False,True,"{""eta_only"": 3, ""replay_only_basis"": 1, ""zeta_only"": 2}"
replay_only_null,23,940023,0.0,0.021550996129760323,0.18218996496093104,0.003926375229754194,0.08951542142540438,False,False,False,0,0.0,1.0,False,True,"{""eta_only"": 2, ""replay_only_basis"": 4}"
replay_only_null,24,940024,0.0,0.016518833213242386,0.00745567591448569,0.0001231590669233775,0.01585386497159305,False,False,False,0,0.0,1.0,False,True,"{""eta_only"": 1, ""replay_only_basis"": 2, ""standard_ping"": 1, ""zeta_only"": 2}"
replay_only_null,25,940025,0.0,-0.0036993871446220055,-0.3957011230643636,0.001463851647776797,0.05465759180938753,False,False,False,0,0.0,1.0,False,True,"{""eta_only"": 1, ""replay_only_basis"": 3, ""zeta_only"": 2}"
replay_only_null,26,940026,0.0,-0.00945372566412883,-0.04605410073331334,0.0004353828340408987,0.029808327628396632,False,False,False,0,0.0,1.0,False,True,"{""eta_only"": 1, ""replay_only_basis"": 4, ""zeta_only"": 1}"
replay_only_null,27,940027,0.0,0.037274274105771645,-0.21722807753260653,-0.008097018905420191,0.1285477669133484,False,False,False,1,0.16666666666666666,0.8333333333333334,False,True,"{""eta_only"": 1, ""full_reciprocal"": 1, ""replay_only_basis"": 1, ""zeta_only"": 3}"
replay_only_null,28,940028,0.0,0.006597780068151579,0.20631374480394862,0.0013612127132532036,0.05270659474001494,False,False,False,1,0.16666666666666666,0.8333333333333334,False,True,"{""eta_only"": 2, ""full_reciprocal"": 1, ""replay_only_basis"": 2, ""zeta_only"": 1}"
replay_only_null,29,940029,0.0,0.05306998715033969,-0.053563189711831126,-0.002842597789738085,0.07616574019240749,False,False,False,1,0.16666666666666666,0.8333333333333334,False,True,"{""eta_only"": 1, ""full_reciprocal"": 1, ""replay_only_basis"": 1, ""zeta_only"": 3}"
replay_only_null,30,940030,0.0,0.00808957086406123,-0.09086416942572745,-0.0007350521375734879,0.0387312070972646,False,False,False,0,0.0,1.0,False,True,"{""eta_only"": 1, ""replay_only_basis"": 5}"
replay_only_null,31,940031,0.0,0.006206857936425278,-0.12060578686658008,-0.0007485829853916482,0.03908606373568849,False,False,False,2,0.3333333333333333,0.6666666666666667,False,False,"{""full_reciprocal"": 2, ""replay_only_basis"": 2, ""zeta_only"": 2}"
replay_only_null,32,940032,0.0,0.01989409482115643,-0.1480126518775814,-0.0029445777311834214,0.07751994781046743,False,False,False,2,0.3333333333333333,0.6666666666666667,False,False,"{""eta_only"": 1, ""full_reciprocal"": 2, ""replay_only_basis"": 1, ""standard_ping"": 1, ""zeta_only"": 1}"
replay_only_null,33,940033,0.0,-0.005754140950395195,0.09377408820588023,-0.0005395893210314265,0.03318437427438557,False,False,False,0,0.0,1.0,False,True,"{""eta_only"": 1, ""replay_only_basis"": 4, ""zeta_only"": 1}"
replay_only_null,34,940034,0.0,0.04723905481014127,-0.04738412301251854,-0.0022383811841188398,0.06758790472820306,False,False,False,0,0.0,1.0,False,True,"{""replay_only_basis"": 2, ""zeta_only"": 4}"
replay_only_null,35,940035,0.0,0.02141624271370123,0.05816830502599729,0.001245746538681365,0.050421621105037166,False,False,False,0,0.0,1.0,False,True,"{""replay_only_basis"": 5, ""zeta_only"": 1}"
replay_only_null,36,940036,0.0,-0.024576272998102403,-0.032608141914631905,0.0008013865976548593,0.04044110350073123,False,False,False,0,0.0,1.0,False,True,"{""eta_only"": 2, ""replay_only_basis"": 2, ""zeta_only"": 2}"
replay_only_null,37,940037,0.0,-0.023661854431961764,-0.03996596130482338,0.0009456687586281476,0.04393103962004838,False,False,False,0,0.0,1.0,False,True,"{""eta_only"": 1, ""replay_only_basis"": 1, ""zeta_only"": 4}"
replay_only_null,38,940038,0.0,0.002282155107781546,0.14635403761921328,0.00033400261449714015,0.02610819773116624,False,False,False,1,0.16666666666666666,0.8333333333333334,False,True,"{""eta_only"": 1, ""full_reciprocal"": 1, ""replay_only_basis"": 4}"
replay_only_null,39,940039,0.0,0.005714924324272739,-0.20578945804517362,-0.001176071179461267,0.04899127742983099,False,False,False,0,0.0,1.0,False,True,"{""replay_only_basis"": 3, ""zeta_only"": 3}"
replay_only_null,40,940040,0.0,0.025345002400407577,-0.030954028070760253,-0.0007845299157557021,0.0400135159755541,False,False,False,0,0.0,1.0,False,True,"{""replay_only_basis"": 6}"
replay_only_null,41,940041,0.0,0.026833057099607507,0.14263009602442583,0.00382720151074592,0.08837768569074944,False,False,False,0,0.0,1.0,False,True,"{""eta_only"": 2, ""replay_only_basis"": 2, ""zeta_only"": 2}"
replay_only_null,42,940042,0.0,0.01943745859840964,-0.16425515343731334,-0.0031927027445132006,0.0807200092093753,False,False,False,0,0.0,1.0,False,True,"{""eta_only"": 3, ""replay_only_basis"": 3}"
replay_only_null,43,940043,0.0,0.03631921903535208,0.10747916337718977,0.003903559276432547,0.0892549578618665,False,False,False,0,0.0,1.0,False,True,"{""eta_only"": 1, ""replay_only_basis"": 3, ""zeta_only"": 2}"
replay_only_null,44,940044,0.0,0.010612464037479709,0.2907018442458894,0.003085062867688529,0.07934763177784263,False,False,False,0,0.0,1.0,False,True,"{""replay_only_basis"": 4, ""zeta_only"": 2}"
replay_only_null,45,940045,0.0,0.003646446326675448,-0.3396567811466048,-0.0012385402219424438,0.050275571662637394,False,False,False,1,0.16666666666666666,0.8333333333333334,False,True,"{""full_reciprocal"": 1, ""replay_only_basis"": 2, ""zeta_only"": 3}"
replay_only_null,46,940046,0.0,0.0009901210673236391,-0.12320678249718536,-0.00012198963098762463,0.015778416605825473,False,False,False,0,0.0,1.0,False,True,"{""eta_only"": 2, ""replay_only_basis"": 3, ""zeta_only"": 1}"
replay_only_null,47,940047,0.0,0.03069482083458058,0.1251409762248084,0.0038411798442850023,0.0885389323368943,False,False,False,1,0.16666666666666666,0.8333333333333334,False,True,"{""eta_only"": 2, ""full_reciprocal"": 1, ""replay_only_basis"": 1, ""zeta_only"": 2}"
replay_only_null,48,940048,0.0,0.004884145337481917,-0.040540264082660815,-0.00019800454179961344,0.020102012377666675,False,False,False,0,0.0,1.0,False,True,"{""eta_only"": 4, ""replay_only_basis"": 2}"
replay_only_null,49,940049,0.0,-0.022642970494911215,-0.23218763489578065,0.005257417766228379,0.10358293301848032,False,False,False,1,0.16666666666666666,0.8333333333333334,False,True,"{""eta_only"": 2, ""full_reciprocal"": 1, ""replay_only_basis"": 1, ""zeta_only"": 2}"
replay_only_null,50,940050,0.0,0.00569549297513269,-0.06589551928257253,-0.0003753074671666126,0.027675505532193532,False,False,False,1,0.16666666666666666,0.8333333333333334,False,True,"{""eta_only"": 1, ""full_reciprocal"": 1, ""replay_only_basis"": 1, ""zeta_only"": 3}"
replay_only_null,51,940051,0.0,0.028016626393039885,0.07906900065720379,0.0022152466506839036,0.06723772402459773,False,False,False,1,0.16666666666666666,0.8333333333333334,False,True,"{""eta_only"": 1, ""full_reciprocal"": 1, ""replay_only_basis"": 2, ""zeta_only"": 2}"
replay_only_null,52,940052,0.0,-0.002107890541365371,0.12174035325703508,-0.00025661533913298317,0.022884596866468546,False,False,False,0,0.0,1.0,False,True,"{""replay_only_basis"": 4, ""zeta_only"": 2}"
replay_only_null,53,940053,0.0,0.022140419949616148,-0.10558569164924952,-0.002337711553785063,0.06907126686027847,False,False,False,0,0.0,1.0,False,True,"{""eta_only"": 1, ""replay_only_basis"": 3, ""standard_ping"": 1, ""zeta_only"": 1}"
replay_only_null,54,940054,0.0,0.06058375964739891,0.1613239637166407,0.009773612243174664,0.1412308303276956,False,False,False,1,0.16666666666666666,0.8333333333333334,False,True,"{""eta_only"": 2, ""full_reciprocal"": 1, ""replay_only_basis"": 1, ""zeta_only"": 2}"
replay_only_null,55,940055,0.0,0.036744891754215844,0.08669592892911984,0.0031856325240316986,0.08063058269274019,False,False,False,1,0.16666666666666666,0.8333333333333334,False,True,"{""eta_only"": 1, ""full_reciprocal"": 1, ""replay_only_basis"": 3, ""zeta_only"": 1}"
replay_only_null,56,940056,0.0,0.02357142389838926,0.2969994332633876,0.007000699539032681,0.11952883299184858,False,False,False,0,0.0,1.0,False,True,"{""replay_only_basis"": 6}"
replay_only_null,57,940057,0.0,0.041064938620804584,0.12189689674438725,0.0050056885828748164,0.10107270148491534,False,False,False,0,0.0,1.0,False,True,"{""replay_only_basis"": 4, ""zeta_only"": 2}"
replay_only_null,58,940058,0.0,0.0012225151488992098,0.2452467097233671,0.0002998178178545034,0.024736068759248143,False,False,False,0,0.0,1.0,False,True,"{""eta_only"": 1, ""replay_only_basis"": 4, ""zeta_only"": 1}"
replay_only_null,59,940059,0.0,0.0018953603246488443,0.017861689372228262,3.385433736732337e-05,0.008312068600722021,False,False,False,1,0.16666666666666666,0.8333333333333334,False,True,"{""eta_only"": 2, ""full_reciprocal"": 1, ""zeta_only"": 3}"
replay_only_null,60,940060,0.0,0.004895854314009987,0.09871814508425686,0.00048330965648182275,0.03140614967992743,False,False,False,1,0.16666666666666666,0.8333333333333334,False,True,"{""eta_only"": 1, ""full_reciprocal"": 1, ""replay_only_basis"": 2, ""zeta_only"": 2}"
sensory_drive_only_null,1,950001,0.0,-0.038458564717325276,0.0779079285927919,-0.002996227113778644,0.07819686190502245,False,False,False,0,0.0,1.0,False,True,"{""sensory_drive_only"": 6}"
sensory_drive_only_null,2,950002,0.0,0.10785386754690421,0.04999185734892064,0.005391815160934217,0.1048985434125271,False,False,False,1,0.16666666666666666,0.8333333333333334,False,True,"{""full_reciprocal"": 1, ""generic_hidden_oscillator"": 1, ""sensory_drive_only"": 2, ""standard_ping"": 1, ""zeta_only"": 1}"
sensory_drive_only_null,3,950003,0.0,0.01703793192672685,0.04970190328379698,0.0008468176447780947,0.04157161621897008,False,False,False,0,0.0,1.0,False,True,"{""sensory_drive_only"": 5, ""standard_ping"": 1}"
sensory_drive_only_null,4,950004,0.0,0.03393417885978869,-0.009136636450072455,-0.00031004425547362347,0.025154390839724167,False,False,False,2,0.3333333333333333,0.6666666666666667,False,False,"{""full_reciprocal"": 2, ""sensory_drive_only"": 4}"
sensory_drive_only_null,5,950005,0.0,-0.037127279054741134,0.05211525180727772,-0.001934897496856902,0.06283924253003675,False,False,False,0,0.0,1.0,False,True,"{""generic_hidden_oscillator"": 1, ""sensory_drive_only"": 5}"
sensory_drive_only_null,6,950006,0.0,-0.016741600443468074,-0.019808998842601233,0.0003316343438079514,0.026015471998054034,False,False,False,0,0.0,1.0,False,True,"{""sensory_drive_only"": 5, ""standard_ping"": 1}"
sensory_drive_only_null,7,950007,0.0,-0.040037203275408925,0.11573816907934797,-0.0046338326021535025,0.09724608593092422,False,False,False,0,0.0,1.0,False,True,"{""sensory_drive_only"": 5, ""standard_ping"": 1}"
sensory_drive_only_null,8,950008,0.0,0.03501696412316831,0.006339769324619984,0.00022199947498938096,0.02128520972505446,False,False,False,0,0.0,1.0,False,True,"{""sensory_drive_only"": 6}"
sensory_drive_only_null,9,950009,0.0,0.02034905103112739,-0.022024917295281,-0.0004481861659980333,0.030243439700105967,False,False,False,0,0.0,1.0,False,True,"{""sensory_drive_only"": 5, ""zeta_only"": 1}"
sensory_drive_only_null,10,950010,0.0,-0.018118721967102368,-0.07159474609257432,0.0012972052987566427,0.0514524805287809,False,False,False,1,0.16666666666666666,0.8333333333333334,False,True,"{""full_reciprocal"": 1, ""sensory_drive_only"": 4, ""standard_ping"": 1}"
sensory_drive_only_null,11,950011,0.0,0.0026843680670173985,0.09537885213309535,0.00025603194493485545,0.02285856892581948,False,False,False,1,0.16666666666666666,0.8333333333333334,False,True,"{""full_reciprocal"": 1, ""generic_hidden_oscillator"": 1, ""sensory_drive_only"": 3, ""zeta_only"": 1}"
sensory_drive_only_null,12,950012,0.0,0.026383266083683177,0.07773270751449068,0.0020508427057599264,0.06469461551830318,False,False,False,1,0.16666666666666666,0.8333333333333334,False,True,"{""full_reciprocal"": 1, ""sensory_drive_only"": 4, ""zeta_only"": 1}"
sensory_drive_only_null,13,950013,0.0,0.042879930202276574,-0.0465528803060542,-0.0019961842582385397,0.06382668270383955,False,False,False,1,0.16666666666666666,0.8333333333333334,False,True,"{""full_reciprocal"": 1, ""sensory_drive_only"": 4, ""standard_ping"": 1}"
sensory_drive_only_null,14,950014,0.0,0.029401491423833352,-0.040485816592417234,-0.0011903433893288454,0.04928764777426585,False,False,False,1,0.16666666666666666,0.8333333333333334,False,True,"{""full_reciprocal"": 1, ""sensory_drive_only"": 5}"
sensory_drive_only_null,15,950015,0.0,-0.07909960266842105,-0.19035877264027712,0.01505730328029422,0.17529743400274686,False,False,False,0,0.0,1.0,False,True,"{""sensory_drive_only"": 6}"
sensory_drive_only_null,16,950016,0.0,0.005387124672727117,-0.008625051387328608,-4.6464227132217197e-05,0.00973781049985342,False,False,False,1,0.16666666666666666,0.8333333333333334,False,True,"{""full_reciprocal"": 1, ""sensory_drive_only"": 3, ""standard_ping"": 2}"
sensory_drive_only_null,17,950017,0.0,0.1000080522469729,-0.06927739160697022,-0.006928296999363879,0.11890913182491435,False,False,False,2,0.3333333333333333,0.6666666666666667,False,False,"{""full_reciprocal"": 2, ""sensory_drive_only"": 3, ""standard_ping"": 1}"
sensory_drive_only_null,18,950018,0.0,0.0765030103402473,0.02542296696459878,0.001944933504572466,0.06300200036624147,False,False,False,1,0.16666666666666666,0.8333333333333334,False,True,"{""full_reciprocal"": 1, ""sensory_drive_only"": 4, ""standard_ping"": 1}"
sensory_drive_only_null,19,950019,0.0,0.05123249283485979,-0.09908400158073938,-0.0050763204010344665,0.1017832871994787,False,False,False,1,0.16666666666666666,0.8333333333333334,False,True,"{""full_reciprocal"": 1, ""sensory_drive_only"": 4, ""standard_ping"": 1}"
sensory_drive_only_null,20,950020,0.0,-0.10981597075531596,0.0644109475622906,-0.007073350733822694,0.12014744966441294,False,False,False,0,0.0,1.0,False,True,"{""generic_hidden_oscillator"": 1, ""sensory_drive_only"": 4, ""standard_ping"": 1}"
sensory_drive_only_null,21,950021,0.0,-0.005711124054483555,0.009975316407602075,-5.69702694865407e-05,0.01078266461014999,False,False,False,1,0.16666666666666666,0.8333333333333334,False,True,"{""full_reciprocal"": 1, ""generic_hidden_oscillator"": 1, ""sensory_drive_only"": 4}"
sensory_drive_only_null,22,950022,0.0,0.021205306169566337,0.09730861168795635,0.0020634589037785557,0.0648933018111749,False,False,False,0,0.0,1.0,False,True,"{""generic_hidden_oscillator"": 1, ""sensory_drive_only"": 5}"
sensory_drive_only_null,23,950023,0.0,0.07480527247827864,-0.15885821328862804,-0.011883431930468326,0.15573022153363472,False,False,False,1,0.16666666666666666,0.8333333333333334,False,True,"{""eta_only"": 1, ""full_reciprocal"": 1, ""sensory_drive_only"": 2, ""standard_ping"": 1, ""zeta_only"": 1}"
sensory_drive_only_null,24,950024,0.0,5.373133441698065e-05,0.02924655431185806,1.5714563902748329e-06,0.001790824909840083,False,False,False,0,0.0,1.0,False,True,"{""sensory_drive_only"": 6}"
sensory_drive_only_null,25,950025,0.0,-0.023880408000309702,0.048753355735219106,-0.0011642500263412713,0.048744440318060495,False,False,False,1,0.16666666666666666,0.8333333333333334,False,True,"{""full_reciprocal"": 1, ""generic_hidden_oscillator"": 1, ""sensory_drive_only"": 4}"
sensory_drive_only_null,26,950026,0.0,-0.022866080497697033,-0.11168431897374964,0.0025537826279842316,0.07219280630090835,False,False,False,2,0.3333333333333333,0.6666666666666667,False,False,"{""full_reciprocal"": 2, ""generic_hidden_oscillator"": 1, ""sensory_drive_only"": 2, ""standard_ping"": 1}"
sensory_drive_only_null,27,950027,0.0,-0.0003254954318285275,0.09920912494376255,-3.229211696490033e-05,0.00811802189700205,False,False,False,2,0.3333333333333333,0.6666666666666667,False,False,"{""full_reciprocal"": 2, ""generic_hidden_oscillator"": 1, ""sensory_drive_only"": 3}"
sensory_drive_only_null,28,950028,0.0,0.08264203340701777,0.034005870718425646,0.00281031430394686,0.07573199663403353,False,False,False,1,0.16666666666666666,0.8333333333333334,False,True,"{""full_reciprocal"": 1, ""sensory_drive_only"": 5}"
sensory_drive_only_null,29,950029,0.0,0.06365327995200394,-0.05789031595169014,-0.003684908487782892,0.08671921011885748,False,False,False,1,0.16666666666666666,0.8333333333333334,False,True,"{""full_reciprocal"": 1, ""sensory_drive_only"": 5}"
sensory_drive_only_null,30,950030,0.0,0.03513517633019024,0.04934991388408072,0.0017339179261968796,0.05948620018665417,False,False,False,0,0.0,1.0,False,True,"{""sensory_drive_only"": 6}"
sensory_drive_only_null,31,950031,0.0,0.060385726790340696,0.032132752707050405,0.001940359625989526,0.06292787620808649,False,False,False,0,0.0,1.0,False,True,"{""generic_hidden_oscillator"": 1, ""sensory_drive_only"": 5}"
sensory_drive_only_null,32,950032,0.0,0.03499496297194133,0.00888888813649158,0.0003110663111982514,0.02519581724269018,False,False,False,0,0.0,1.0,False,True,"{""sensory_drive_only"": 6}"
sensory_drive_only_null,33,950033,0.0,0.029877621124492385,-0.02719820349231551,-0.0008126176192102484,0.04072349818606834,False,False,False,1,0.16666666666666666,0.8333333333333334,False,True,"{""full_reciprocal"": 1, ""sensory_drive_only"": 5}"
sensory_drive_only_null,34,950034,0.0,-0.043375551176585654,0.035271169292754756,-0.0015299064087159002,0.055877168655643475,False,False,False,0,0.0,1.0,False,True,"{""generic_hidden_oscillator"": 1, ""sensory_drive_only"": 5}"
sensory_drive_only_null,35,950035,0.0,0.019918841866592818,0.05040014334781692,0.0010039124853987752,0.04526368291036144,False,False,False,0,0.0,1.0,False,True,"{""sensory_drive_only"": 5, ""zeta_only"": 1}"
sensory_drive_only_null,36,950036,0.0,-0.004003850544338402,-0.06533424857819059,0.0002615885667337289,0.02310528549539989,False,False,False,0,0.0,1.0,False,True,"{""sensory_drive_only"": 6}"
sensory_drive_only_null,37,950037,0.0,-0.009316738113790347,-0.0026320689307217744,2.452229692497896e-05,0.007074284693771413,False,False,False,1,0.16666666666666666,0.8333333333333334,False,True,"{""full_reciprocal"": 1, ""sensory_drive_only"": 3, ""standard_ping"": 2}"
sensory_drive_only_null,38,950038,0.0,-0.05891846236773174,0.0011510290018728053,-6.781685893101071e-05,0.011764427436999646,False,False,False,0,0.0,1.0,False,True,"{""sensory_drive_only"": 6}"
sensory_drive_only_null,39,950039,0.0,-0.09311577483632978,-0.0914298108871412,0.008513557683895253,0.13181277448773157,False,False,False,0,0.0,1.0,False,True,"{""sensory_drive_only"": 6}"
sensory_drive_only_null,40,950040,0.0,-0.041208387615249274,-0.011141831559310478,0.0004591369136398834,0.030610686197293093,False,False,False,0,0.0,1.0,False,True,"{""sensory_drive_only"": 4, ""standard_ping"": 1, ""zeta_only"": 1}"
sensory_drive_only_null,41,950041,0.0,0.08607287124416296,0.14959263622491203,0.012875867716861762,0.1621026867600285,False,False,False,1,0.16666666666666666,0.8333333333333334,False,True,"{""full_reciprocal"": 1, ""sensory_drive_only"": 5}"
sensory_drive_only_null,42,950042,0.0,0.012656182235603462,-0.11853138524417228,-0.0015001548122887637,0.05533118861223185,False,False,False,3,0.5,0.5,False,False,"{""full_reciprocal"": 3, ""generic_hidden_oscillator"": 1, ""sensory_drive_only"": 2}"
sensory_drive_only_null,43,950043,0.0,-0.09327097313406331,0.02192653877637285,-0.0020451096091340694,0.06460412587339487,False,False,False,1,0.16666666666666666,0.8333333333333334,False,True,"{""full_reciprocal"": 1, ""sensory_drive_only"": 5}"
sensory_drive_only_null,44,950044,0.0,0.007978262075526533,0.05052874737669111,0.0004031315889193154,0.028683052982671948,False,False,False,1,0.16666666666666666,0.8333333333333334,False,True,"{""full_reciprocal"": 1, ""sensory_drive_only"": 5}"
sensory_drive_only_null,45,950045,0.0,-0.060984204284206096,0.08373872972700758,-0.005106739800171752,0.10208779535054222,False,False,False,1,0.16666666666666666,0.8333333333333334,False,True,"{""full_reciprocal"": 1, ""sensory_drive_only"": 4, ""zeta_only"": 1}"
sensory_drive_only_null,46,950046,0.0,-0.09381537481119957,0.07349571851635572,-0.0068950283796303325,0.11862329656960936,False,False,False,1,0.16666666666666666,0.8333333333333334,False,True,"{""full_reciprocal"": 1, ""sensory_drive_only"": 5}"
sensory_drive_only_null,47,950047,0.0,0.08376527493677548,0.01148336124412852,0.0009619069118127376,0.04430660594347165,False,False,False,0,0.0,1.0,False,True,"{""sensory_drive_only"": 6}"
sensory_drive_only_null,48,950048,0.0,0.009813143388227754,0.013257820588336466,0.0001301008944487438,0.016294539867306234,False,False,False,0,0.0,1.0,False,True,"{""sensory_drive_only"": 6}"
sensory_drive_only_null,49,950049,0.0,0.014695963001902155,0.149780981605262,0.0022011757640595176,0.06702384230149865,False,False,False,2,0.3333333333333333,0.6666666666666667,False,False,"{""full_reciprocal"": 2, ""sensory_drive_only"": 4}"
sensory_drive_only_null,50,950050,0.0,-0.043112596045377045,0.04768544872152991,-0.0020558434879738604,0.06477344328541362,False,False,False,0,0.0,1.0,False,True,"{""sensory_drive_only"": 6}"
sensory_drive_only_null,51,950051,0.0,0.07070832352853451,0.04823457742418623,0.0034105861057715067,0.08342889072555713,False,False,False,1,0.16666666666666666,0.8333333333333334,False,True,"{""full_reciprocal"": 1, ""sensory_drive_only"": 4, ""zeta_only"": 1}"
sensory_drive_only_null,52,950052,0.0,-0.11056611650417764,0.018708938066716585,-0.00206857462595403,0.06497369367131546,False,False,False,0,0.0,1.0,False,True,"{""eta_only"": 1, ""sensory_drive_only"": 4, ""zeta_only"": 1}"
sensory_drive_only_null,53,950053,0.0,-0.007172054102258787,0.0061251493521633504,-4.392990253813091e-05,0.009468519542289394,False,False,False,0,0.0,1.0,False,True,"{""sensory_drive_only"": 6}"
sensory_drive_only_null,54,950054,0.0,0.0355037492538213,0.05077978275595141,0.0018028726741308174,0.060657497376845976,False,False,False,1,0.16666666666666666,0.8333333333333334,False,True,"{""full_reciprocal"": 1, ""sensory_drive_only"": 5}"
sensory_drive_only_null,55,950055,0.0,-0.06888047045650914,-0.06555448558181687,0.004515423807409991,0.0959955760822723,False,False,False,0,0.0,1.0,False,True,"{""sensory_drive_only"": 6}"
sensory_drive_only_null,56,950056,0.0,-0.029932632792219086,-0.03777068082325297,0.0011305759193945423,0.04803433974442388,False,False,False,1,0.16666666666666666,0.8333333333333334,False,True,"{""full_reciprocal"": 1, ""generic_hidden_oscillator"": 1, ""sensory_drive_only"": 3, ""standard_ping"": 1}"
sensory_drive_only_null,57,950057,0.0,-0.04126357146515951,0.05577979513653042,-0.0023016735629281795,0.06853680022854666,False,False,False,1,0.16666666666666666,0.8333333333333334,False,True,"{""full_reciprocal"": 1, ""sensory_drive_only"": 5}"
sensory_drive_only_null,58,950058,0.0,0.03402317025746759,0.05242491619483525,0.0017836618494303494,0.06033345857256357,False,False,False,1,0.16666666666666666,0.8333333333333334,False,True,"{""full_reciprocal"": 1, ""sensory_drive_only"": 5}"
sensory_drive_only_null,59,950059,0.0,0.0640038328112286,0.18182653073572885,0.011637594873855307,0.1541109782595415,False,False,False,1,0.16666666666666666,0.8333333333333334,False,True,"{""full_reciprocal"": 1, ""generic_hidden_oscillator"": 1, ""sensory_drive_only"": 4}"
sensory_drive_only_null,60,950060,0.0,0.048355574014972,0.1148615932697219,0.005554198274831647,0.1064664196827553,False,False,False,0,0.0,1.0,False,True,"{""sensory_drive_only"": 6}"
generic_hidden_oscillator_null,1,960001,0.0,-0.012471165150658992,0.062315916362988846,-0.0007771520844774869,0.03982492513739295,False,False,False,5,0.8333333333333334,0.16666666666666663,True,False,"{""full_reciprocal"": 5, ""generic_hidden_oscillator"": 1}"
generic_hidden_oscillator_null,2,960002,0.0,0.03395767571423305,-0.012618521811728428,-0.0004284956716756504,0.029571624280775793,False,False,False,3,0.5,0.5,False,False,"{""full_reciprocal"": 3, ""generic_hidden_oscillator"": 3}"
generic_hidden_oscillator_null,3,960003,0.0,0.018234171243579605,-0.014560659404323134,-0.0002655015569978658,0.023277455020696367,False,False,False,6,1.0,0.0,True,False,"{""full_reciprocal"": 6}"
generic_hidden_oscillator_null,4,960004,0.0,0.025334819980786107,-0.11379089145450108,-0.002882871750452957,0.07670340106943291,False,False,False,6,1.0,0.0,True,False,"{""full_reciprocal"": 6}"
generic_hidden_oscillator_null,5,960005,0.0,-0.061197452506239654,0.011336093217678977,-0.0006937400262952147,0.037627064355740675,False,False,False,4,0.6666666666666666,0.33333333333333337,True,False,"{""full_reciprocal"": 4, ""generic_hidden_oscillator"": 2}"
generic_hidden_oscillator_null,6,960006,0.0,0.01900769271662933,0.0005911598207284097,1.1236584218823293e-05,0.004788716375837141,False,False,False,6,1.0,0.0,True,False,"{""full_reciprocal"": 6}"
generic_hidden_oscillator_null,7,960007,0.0,-0.025986795460458182,-0.0007550355663525354,1.962095482817454e-05,0.006327935283760276,False,False,False,6,1.0,0.0,True,False,"{""full_reciprocal"": 6}"
generic_hidden_oscillator_null,8,960008,0.0,-0.01070688194383128,-0.011487635032631394,0.00012299675210820474,0.01584341439881766,False,False,False,5,0.8333333333333334,0.16666666666666663,True,False,"{""full_reciprocal"": 5, ""generic_hidden_oscillator"": 1}"
generic_hidden_oscillator_null,9,960009,0.0,0.007685566728016941,0.0125495969672096,9.645076490120841e-05,0.014029907188458228,False,False,False,6,1.0,0.0,True,False,"{""full_reciprocal"": 6}"
generic_hidden_oscillator_null,10,960010,0.0,-0.06548986834530346,0.019467674032068505,-0.0012749354093494493,0.051008910973204924,False,False,False,4,0.6666666666666666,0.33333333333333337,True,False,"{""full_reciprocal"": 4, ""generic_hidden_oscillator"": 2}"
generic_hidden_oscillator_null,11,960011,0.0,0.03179480795211884,-0.09683724407890543,-0.0030789215781012558,0.07926861563504463,False,False,False,5,0.8333333333333334,0.16666666666666663,True,False,"{""full_reciprocal"": 5, ""generic_hidden_oscillator"": 1}"
generic_hidden_oscillator_null,12,960012,0.0,-0.04416334582551279,0.03815663911830883,-0.0016851248489211622,0.05864324602135134,False,False,False,6,1.0,0.0,True,False,"{""full_reciprocal"": 6}"
generic_hidden_oscillator_null,13,960013,0.0,-0.006510840484166292,0.0041324049057691326,-2.6905429157449057e-05,0.00741006336658701,False,False,False,6,1.0,0.0,True,False,"{""full_reciprocal"": 6}"
generic_hidden_oscillator_null,14,960014,0.0,0.006856082653217177,0.02836957319332034,0.00019450413864989863,0.01992353436854232,False,False,False,5,0.8333333333333334,0.16666666666666663,True,False,"{""full_reciprocal"": 5, ""generic_hidden_oscillator"": 1}"
generic_hidden_oscillator_null,15,960015,0.0,0.0004600441975361733,0.02151473227279313,9.897727743642726e-06,0.0044943791979294625,False,False,False,4,0.6666666666666666,0.33333333333333337,True,False,"{""full_reciprocal"": 4, ""generic_hidden_oscillator"": 2}"
generic_hidden_oscillator_null,16,960016,0.0,-0.049114310560414126,-0.01724647155711904,0.0008470485601276936,0.04157728383231454,False,False,False,6,1.0,0.0,True,False,"{""full_reciprocal"": 6}"
generic_hidden_oscillator_null,17,960017,0.0,-0.01336688813662299,0.0628125541036381,-0.0008396083842789098,0.04139428098817985,False,False,False,6,1.0,0.0,True,False,"{""full_reciprocal"": 6}"
generic_hidden_oscillator_null,18,960018,0.0,-0.037623375085150214,-0.029809695599310904,0.0011215413587070259,0.04784203084870692,False,False,False,5,0.8333333333333334,0.16666666666666663,True,False,"{""full_reciprocal"": 5, ""generic_hidden_oscillator"": 1}"
generic_hidden_oscillator_null,19,960019,0.0,-0.02092223754892457,-0.031145864741951773,0.0006516411807977892,0.036467519257715006,False,False,False,6,1.0,0.0,True,False,"{""full_reciprocal"": 6}"
generic_hidden_oscillator_null,20,960020,0.0,-0.01174749114122651,0.03444072308585355,-0.00040459208934849996,0.02873496374675895,False,False,False,4,0.6666666666666666,0.33333333333333337,True,False,"{""full_reciprocal"": 4, ""generic_hidden_oscillator"": 2}"
generic_hidden_oscillator_null,21,960021,0.0,-0.05521325294714437,0.08724885844232272,-0.004817293290525556,0.0991524623849097,False,False,False,6,1.0,0.0,True,False,"{""full_reciprocal"": 6}"
generic_hidden_oscillator_null,22,960022,0.0,-0.01450038607927432,-0.014468420750116007,0.00020979768683406587,0.020691992281056896,False,False,False,4,0.6666666666666666,0.33333333333333337,True,False,"{""full_reciprocal"": 4, ""generic_hidden_oscillator"": 2}"
generic_hidden_oscillator_null,23,960023,0.0,0.05107828330460905,-0.017938173049150907,-0.0009162510849716328,0.04324234236730817,False,False,False,5,0.8333333333333334,0.16666666666666663,True,False,"{""full_reciprocal"": 5, ""generic_hidden_oscillator"": 1}"
generic_hidden_oscillator_null,24,960024,0.0,0.003319534052815581,0.004594503633766456,1.5251611268072678e-05,0.005579044477487249,False,False,False,6,1.0,0.0,True,False,"{""full_reciprocal"": 6}"
generic_hidden_oscillator_null,25,960025,0.0,0.033885243575416,-0.03023749048342113,-0.0010246047301400484,0.045727782162601135,False,False,False,6,1.0,0.0,True,False,"{""full_reciprocal"": 6}"
generic_hidden_oscillator_null,26,960026,0.0,0.05203484953863473,0.053346245549025784,0.0027758638605946194,0.07526638218306891,False,False,False,6,1.0,0.0,True,False,"{""full_reciprocal"": 6}"
generic_hidden_oscillator_null,27,960027,0.0,0.08829195174469283,-0.02546123808400258,-0.002248022404272891,0.06773330661533303,False,False,False,5,0.8333333333333334,0.16666666666666663,True,False,"{""full_reciprocal"": 5, ""generic_hidden_oscillator"": 1}"
generic_hidden_oscillator_null,28,960028,0.0,0.03316351033801618,0.03563298832880751,0.0011817149768168177,0.04910868780565721,False,False,False,5,0.8333333333333334,0.16666666666666663,True,False,"{""full_reciprocal"": 5, ""generic_hidden_oscillator"": 1}"
generic_hidden_oscillator_null,29,960029,0.0,-0.02321226771990281,0.07986783637749154,-0.0018539136002037261,0.06151013854051145,False,False,False,5,0.8333333333333334,0.16666666666666663,True,False,"{""full_reciprocal"": 5, ""generic_hidden_oscillator"": 1}"
generic_hidden_oscillator_null,30,960030,0.0,-0.022066969654001192,0.003075817568127609,-6.78739729371157e-05,0.011769380277506656,False,False,False,6,1.0,0.0,True,False,"{""full_reciprocal"": 6}"
generic_hidden_oscillator_null,31,960031,0.0,-0.007094905479150983,-0.031113785031836233,0.00022074936389950074,0.02122519507371719,False,False,False,6,1.0,0.0,True,False,"{""full_reciprocal"": 6}"
generic_hidden_oscillator_null,32,960032,0.0,-0.0016748844080981316,0.02457501969326628,-4.1160317312956224e-05,0.009165186718090456,False,False,False,4,0.6666666666666666,0.33333333333333337,True,False,"{""full_reciprocal"": 4, ""generic_hidden_oscillator"": 2}"
generic_hidden_oscillator_null,33,960033,0.0,0.009326881156934662,0.008513136789059447,7.94010151042858e-05,0.012729606748361485,False,False,False,5,0.8333333333333334,0.16666666666666663,True,False,"{""full_reciprocal"": 5, ""generic_hidden_oscillator"": 1}"
generic_hidden_oscillator_null,34,960034,0.0,0.02191417817181584,0.02934724070614443,0.0006431206616856155,0.036228319672559677,False,False,False,6,1.0,0.0,True,False,"{""full_reciprocal"": 6}"
generic_hidden_oscillator_null,35,960035,0.0,-0.050144929536019185,0.0001463010248575101,-7.336254582527235e-06,0.0038693601703132527,False,False,False,5,0.8333333333333334,0.16666666666666663,True,False,"{""full_reciprocal"": 5, ""generic_hidden_oscillator"": 1}"
generic_hidden_oscillator_null,36,960036,0.0,-0.016032878603787402,-0.020050913371300466,0.00032147385997711796,0.025613845904005093,False,False,False,6,1.0,0.0,True,False,"{""full_reciprocal"": 6}"
generic_hidden_oscillator_null,37,960037,0.0,0.014192170035938916,0.012196303720533291,0.00017309201621176288,0.018794919863544698,False,False,False,6,1.0,0.0,True,False,"{""full_reciprocal"": 6}"
generic_hidden_oscillator_null,38,960038,0.0,-0.014974879557420818,-0.0005829921513759995,8.730237249777237e-06,0.0042209964124399705,False,False,False,5,0.8333333333333334,0.16666666666666663,True,False,"{""full_reciprocal"": 5, ""generic_hidden_oscillator"": 1}"
generic_hidden_oscillator_null,39,960039,0.0,0.07829000626021168,0.02735299012048384,0.002141465767768188,0.0661085342566883,False,False,False,5,0.8333333333333334,0.16666666666666663,True,False,"{""full_reciprocal"": 5, ""generic_hidden_oscillator"": 1}"
generic_hidden_oscillator_null,40,960040,0.0,0.010693117241986762,-0.0014725172767396377,-1.5745799881028013e-05,0.005668711094374607,False,False,False,6,1.0,0.0,True,False,"{""full_reciprocal"": 6}"
generic_hidden_oscillator_null,41,960041,0.0,-0.02433279095810738,0.02952519291266545,-0.000718430347141682,0.0382907871676961,False,False,False,4,0.6666666666666666,0.33333333333333337,True,False,"{""full_reciprocal"": 4, ""generic_hidden_oscillator"": 2}"
generic_hidden_oscillator_null,42,960042,0.0,-0.023059864572635563,-0.011898012671468061,0.0002743665608875554,0.023662877190092045,False,False,False,5,0.8333333333333334,0.16666666666666663,True,False,"{""full_reciprocal"": 5, ""generic_hidden_oscillator"": 1}"
generic_hidden_oscillator_null,43,960043,0.0,0.07665197413805544,-0.005323508303762159,-0.0004080574208237004,0.02885775886272149,False,False,False,6,1.0,0.0,True,False,"{""full_reciprocal"": 6}"
generic_hidden_oscillator_null,44,960044,0.0,-0.04018316804335752,0.0454346292528964,-0.0018257073422567834,0.06104042391353829,False,False,False,6,1.0,0.0,True,False,"{""full_reciprocal"": 6}"
generic_hidden_oscillator_null,45,960045,0.0,-0.019305131180255945,0.06526640167234506,-0.0012599764459478974,0.05070878130989233,False,False,False,4,0.6666666666666666,0.33333333333333337,True,False,"{""full_reciprocal"": 4, ""generic_hidden_oscillator"": 2}"
generic_hidden_oscillator_null,46,960046,0.0,-0.10408769914902205,-0.01376105085671575,0.0014323561215482212,0.05406640138072513,False,False,False,6,1.0,0.0,True,False,"{""full_reciprocal"": 6}"
generic_hidden_oscillator_null,47,960047,0.0,-0.0002777630295044599,-0.002557139756392976,7.102788856020096e-07,0.0012039720703266128,False,False,False,6,1.0,0.0,True,False,"{""full_reciprocal"": 6}"
generic_hidden_oscillator_null,48,960048,0.0,0.025226783944435636,0.0047346609883953394,0.00011944026980439731,0.015612676025013627,False,False,False,6,1.0,0.0,True,False,"{""full_reciprocal"": 6}"
generic_hidden_oscillator_null,49,960049,0.0,-0.0012858288160647285,0.016642704100282235,-2.1399668509381508e-05,0.006608539390537731,False,False,False,6,1.0,0.0,True,False,"{""full_reciprocal"": 6}"
generic_hidden_oscillator_null,50,960050,0.0,-0.010809591812118291,-0.1102889030997859,0.0011921780239149533,0.049325615813050325,False,False,False,4,0.6666666666666666,0.33333333333333337,True,False,"{""full_reciprocal"": 4, ""generic_hidden_oscillator"": 2}"
generic_hidden_oscillator_null,51,960051,0.0,0.04139186679694573,0.0011400894383113425,4.7190430167187766e-05,0.009813613011587504,False,False,False,5,0.8333333333333334,0.16666666666666663,True,False,"{""full_reciprocal"": 5, ""generic_hidden_oscillator"": 1}"
generic_hidden_oscillator_null,52,960052,0.0,0.10056263533316744,-0.08155140593321512,-0.00820102429576902,0.12937072418858772,False,False,False,5,0.8333333333333334,0.16666666666666663,True,False,"{""full_reciprocal"": 5, ""generic_hidden_oscillator"": 1}"
generic_hidden_oscillator_null,53,960053,0.0,0.03019830028506093,-0.001208454047391283,-3.649325820381922e-05,0.008629950008583565,False,False,False,4,0.6666666666666666,0.33333333333333337,True,False,"{""full_reciprocal"": 4, ""generic_hidden_oscillator"": 2}"
generic_hidden_oscillator_null,54,960054,0.0,-0.008716363348970399,0.025203783893951115,-0.00021968533818860595,0.02117397990163177,False,False,False,5,0.8333333333333334,0.16666666666666663,True,False,"{""full_reciprocal"": 5, ""generic_hidden_oscillator"": 1}"
generic_hidden_oscillator_null,55,960055,0.0,0.05363744705545702,0.011330708532454686,0.0006077502790103533,0.03521798818583856,False,False,False,6,1.0,0.0,True,False,"{""full_reciprocal"": 6}"
generic_hidden_oscillator_null,56,960056,0.0,-0.015110552484292872,0.0011529595621511401,-1.7421855976152133e-05,0.005962785264840265,False,False,False,5,0.8333333333333334,0.16666666666666663,True,False,"{""full_reciprocal"": 5, ""generic_hidden_oscillator"": 1}"
generic_hidden_oscillator_null,57,960057,0.0,0.01577291727475857,0.0429486300074977,0.0006774251881724747,0.03718199004928944,False,False,False,6,1.0,0.0,True,False,"{""full_reciprocal"": 6}"
generic_hidden_oscillator_null,58,960058,0.0,-0.07938796510650524,-0.06627225909318735,0.005261219792419232,0.10362038047524806,False,False,False,5,0.8333333333333334,0.16666666666666663,True,False,"{""full_reciprocal"": 5, ""generic_hidden_oscillator"": 1}"
generic_hidden_oscillator_null,59,960059,0.0,0.01794257602464044,-0.010807697971900537,-0.0001939179425121777,0.01989348896212218,False,False,False,4,0.6666666666666666,0.33333333333333337,True,False,"{""full_reciprocal"": 4, ""generic_hidden_oscillator"": 2}"
generic_hidden_oscillator_null,60,960060,0.0,0.07992686304366303,-0.0007866907797037803,-6.287772620709653e-05,0.011327925238920159,False,False,False,4,0.6666666666666666,0.33333333333333337,True,False,"{""full_reciprocal"": 4, ""generic_hidden_oscillator"": 2}"
colored_noise_null,1,970001,0.0,-0.18412858815211408,-0.08147840109064353,0.015002502957711864,0.17497814999285533,False,False,False,6,1.0,0.0,True,False,"{""full_reciprocal"": 6}"
colored_noise_null,2,970002,0.0,-0.0593357552245235,-0.08141321911991975,0.004830714841740055,0.09929049157818108,False,False,False,6,1.0,0.0,True,False,"{""full_reciprocal"": 6}"
colored_noise_null,3,970003,0.0,0.06471257802521588,0.08148497153094189,0.005273102578078572,0.10373733095088486,False,False,False,4,0.6666666666666666,0.33333333333333337,True,False,"{""eta_only"": 1, ""full_reciprocal"": 4, ""replay_only_basis"": 1}"
colored_noise_null,4,970004,0.0,-0.17300693692239114,-0.10441100576372085,0.01806382828816747,0.19200248876027026,False,False,False,6,1.0,0.0,True,False,"{""full_reciprocal"": 6}"
colored_noise_null,5,970005,0.0,-0.07072453342167417,-0.062111645012539574,0.004392817113564517,0.09468332949799318,False,False,False,6,1.0,0.0,True,False,"{""full_reciprocal"": 6}"
colored_noise_null,6,970006,0.0,-0.16079820221696953,-0.1911685888963009,0.030739565414880106,0.2504671774287862,False,False,False,5,0.8333333333333334,0.16666666666666663,True,False,"{""eta_only"": 1, ""full_reciprocal"": 5}"
colored_noise_null,7,970007,0.0,-0.23184410737743727,-0.11425087625462112,0.026488392422342678,0.23250364237806403,False,False,False,5,0.8333333333333334,0.16666666666666663,True,False,"{""eta_only"": 1, ""full_reciprocal"": 5}"
colored_noise_null,8,970008,0.0,0.006397941689854262,-0.016483887775999295,-0.00010546295281294494,0.014670736721268828,False,False,False,4,0.6666666666666666,0.33333333333333337,True,False,"{""eta_only"": 2, ""full_reciprocal"": 4}"
colored_noise_null,9,970009,0.0,-0.14982336828324605,-0.1612274706366475,0.024155642710570677,0.22202979534641928,False,False,False,5,0.8333333333333334,0.16666666666666663,True,False,"{""full_reciprocal"": 5, ""standard_ping"": 1}"
colored_noise_null,10,970010,0.0,-0.035468224219847196,-0.0173650470116855,0.0006159073809986488,0.03545354479840842,False,False,False,4,0.6666666666666666,0.33333333333333337,True,False,"{""eta_only"": 2, ""full_reciprocal"": 4}"
colored_noise_null,11,970011,0.0,-0.08255731673467714,-0.07401105441194511,0.0061101540609543765,0.11166782063429471,False,False,False,6,1.0,0.0,True,False,"{""full_reciprocal"": 6}"
colored_noise_null,12,970012,0.0,-0.09373803930322304,-0.19724672627887738,0.018489521380361484,0.19425168494192926,False,False,False,5,0.8333333333333334,0.16666666666666663,True,False,"{""eta_only"": 1, ""full_reciprocal"": 5}"
colored_noise_null,13,970013,0.0,0.07618587931943979,0.3592696188643936,0.027371271825943823,0.23634664884506723,False,False,False,5,0.8333333333333334,0.16666666666666663,True,False,"{""eta_only"": 1, ""full_reciprocal"": 5}"
colored_noise_null,14,970014,0.0,0.00383704370474326,0.03028219101646165,0.00011619409040554708,0.015399051813212866,False,False,False,4,0.6666666666666666,0.33333333333333337,True,False,"{""eta_only"": 1, ""full_reciprocal"": 4, ""generic_hidden_oscillator"": 1}"
colored_noise_null,15,970015,0.0,-0.13665186431159035,-0.07977543337553927,0.01090146169703251,0.14915723587661467,False,False,False,5,0.8333333333333334,0.16666666666666663,True,False,"{""eta_only"": 1, ""full_reciprocal"": 5}"
colored_noise_null,16,970016,0.0,-0.09640350594796267,-0.18310679197952037,0.017652136709710053,0.18980191989367926,False,False,False,6,1.0,0.0,True,False,"{""full_reciprocal"": 6}"
colored_noise_null,17,970017,0.0,-0.06646624057990677,-0.031185298921499738,0.0020727695806727086,0.0650395418293585,False,False,False,5,0.8333333333333334,0.16666666666666663,True,False,"{""full_reciprocal"": 5, ""zeta_only"": 1}"
colored_noise_null,18,970018,0.0,0.1664524679026146,0.09595832504252289,0.0159725000191292,0.18054622348459518,False,False,False,4,0.6666666666666666,0.33333333333333337,True,False,"{""eta_only"": 1, ""full_reciprocal"": 4, ""replay_only_basis"": 1}"
colored_noise_null,19,970019,0.0,0.15948197707362752,0.21683779722719176,0.03458172060608289,0.26565944367255995,False,False,False,6,1.0,0.0,True,False,"{""full_reciprocal"": 6}"
colored_noise_null,20,970020,0.0,0.14850015599941283,0.06939813888680091,0.010305634450758853,0.14502381543169043,False,False,False,5,0.8333333333333334,0.16666666666666663,True,False,"{""eta_only"": 1, ""full_reciprocal"": 5}"
colored_noise_null,21,970021,0.0,-0.2580639039198141,-0.12579475630952497,0.03246308590587768,0.25739307629825825,False,False,False,6,1.0,0.0,True,False,"{""full_reciprocal"": 6}"
colored_noise_null,22,970022,0.0,0.2054127186310092,0.11496888073045625,0.023616070348807267,0.21953601512358142,False,False,False,6,1.0,0.0,True,False,"{""full_reciprocal"": 6}"
colored_noise_null,23,970023,0.0,-0.1283556796295784,-0.12678266531268523,0.016273275171459087,0.18223821129510398,False,False,False,4,0.6666666666666666,0.33333333333333337,True,False,"{""eta_only"": 1, ""full_reciprocal"": 4, ""standard_ping"": 1}"
colored_noise_null,24,970024,0.0,-0.03597573853290975,0.2181826558984615,-0.00784928218101887,0.12656596393410482,False,False,False,5,0.8333333333333334,0.16666666666666663,True,False,"{""eta_only"": 1, ""full_reciprocal"": 5}"
colored_noise_null,25,970025,0.0,0.003445170159545507,0.1733234418201813,0.0005971287497086105,0.03490888284443006,False,False,False,3,0.5,0.5,False,False,"{""eta_only"": 3, ""full_reciprocal"": 3}"
colored_noise_null,26,970026,0.0,0.2325715259197323,0.07434505514262547,0.017290542919107046,0.18784787005417958,False,False,False,5,0.8333333333333334,0.16666666666666663,True,False,"{""eta_only"": 1, ""full_reciprocal"": 5}"
colored_noise_null,27,970027,0.0,-0.0925571443208913,-0.11770194982455337,0.010894156356761492,0.14910725051672072,False,False,False,4,0.6666666666666666,0.33333333333333337,True,False,"{""eta_only"": 2, ""full_reciprocal"": 4}"
colored_noise_null,28,970028,0.0,0.018026286132595465,-0.019655842183279454,-0.0003543218353729354,0.026890626368223154,False,False,False,3,0.5,0.5,False,False,"{""eta_only"": 3, ""full_reciprocal"": 3}"
colored_noise_null,29,970029,0.0,0.1939848138896022,0.21874254767198092,0.04243273239988666,0.2942743839701193,False,False,False,6,1.0,0.0,True,False,"{""full_reciprocal"": 6}"
colored_noise_null,30,970030,0.0,0.23142612844246097,-0.013147219377999675,-0.0030426100804341644,0.07879979903157534,False,False,False,5,0.8333333333333334,0.16666666666666663,True,False,"{""eta_only"": 1, ""full_reciprocal"": 5}"
colored_noise_null,31,970031,0.0,-0.22566733131336117,-0.27071251048372513,0.06109096979400256,0.3530941072280716,True,False,False,5,0.8333333333333334,0.16666666666666663,True,False,"{""eta_only"": 1, ""full_reciprocal"": 5}"
colored_noise_null,32,970032,0.0,-0.06437101137690548,0.028533530044558462,-0.0018367321871215472,0.06122444801663739,False,False,False,5,0.8333333333333334,0.16666666666666663,True,False,"{""eta_only"": 1, ""full_reciprocal"": 5}"
colored_noise_null,33,970033,0.0,-0.13384440336685738,-0.1350316304885097,0.018073228018388527,0.19205243766491958,False,False,False,5,0.8333333333333334,0.16666666666666663,True,False,"{""eta_only"": 1, ""full_reciprocal"": 5}"
colored_noise_null,34,970034,0.0,-0.015212116622245411,0.07686702160921514,-0.0011693100971240389,0.048850252169132496,False,False,False,5,0.8333333333333334,0.16666666666666663,True,False,"{""eta_only"": 1, ""full_reciprocal"": 5}"
colored_noise_null,35,970035,0.0,-0.2397431841698631,-0.3555362170022261,0.0852373847518211,0.4170777462683522,True,False,False,5,0.8333333333333334,0.16666666666666663,True,False,"{""eta_only"": 1, ""full_reciprocal"": 5}"
colored_noise_null,36,970036,0.0,0.20390097313320593,0.1696464783757562,0.034591082029438065,0.26569539882737314,False,False,False,4,0.6666666666666666,0.33333333333333337,True,False,"{""eta_only"": 2, ""full_reciprocal"": 4}"
colored_noise_null,37,970037,0.0,0.16300919440232123,0.13609292846931834,0.02218439863363631,0.2127775432835627,False,False,False,6,1.0,0.0,True,False,"{""full_reciprocal"": 6}"
colored_noise_null,38,970038,0.0,-0.08903963427622712,-0.10441800501303648,0.009297340978214018,0.13774674319801997,False,False,False,6,1.0,0.0,True,False,"{""full_reciprocal"": 6}"
colored_noise_null,39,970039,0.0,0.0642189303526659,-0.024233979917418644,-0.001556280268484612,0.05635674032962554,False,False,False,4,0.6666666666666666,0.33333333333333337,True,False,"{""eta_only"": 1, ""full_reciprocal"": 4, ""replay_only_basis"": 1}"
colored_noise_null,40,970040,0.0,-0.24300996624510687,-0.2077734480194153,0.05049101858982758,0.3210029518264292,True,False,False,6,1.0,0.0,True,False,"{""full_reciprocal"": 6}"
colored_noise_null,41,970041,0.0,-0.07192788158990414,0.10339751333391485,-0.007437164095772362,0.12319856293699012,False,False,False,6,1.0,0.0,True,False,"{""full_reciprocal"": 6}"
colored_noise_null,42,970042,0.0,-0.0696837303444232,-0.03927252910840534,0.0027366563283336286,0.07473294397363581,False,False,False,5,0.8333333333333334,0.16666666666666663,True,False,"{""eta_only"": 1, ""full_reciprocal"": 5}"
colored_noise_null,43,970043,0.0,-0.22123737027045873,-0.18712909781459802,0.04139994950158511,0.2906711077151938,False,False,False,5,0.8333333333333334,0.16666666666666663,True,False,"{""eta_only"": 1, ""full_reciprocal"": 5}"
colored_noise_null,44,970044,0.0,-0.20427399872088606,-0.24612369177250507,0.050276670698316456,0.32032085540084254,True,False,False,3,0.5,0.5,False,False,"{""eta_only"": 3, ""full_reciprocal"": 3}"
colored_noise_null,45,970045,0.0,0.09470498856075701,0.09528113174294814,0.009023598491771886,0.13570374764930065,False,False,False,4,0.6666666666666666,0.33333333333333337,True,False,"{""eta_only"": 1, ""full_reciprocal"": 4, ""replay_only_basis"": 1}"
colored_noise_null,46,970046,0.0,-0.16103239301673714,-0.06807355634878806,0.010962047680005041,0.14957113985512482,False,False,False,5,0.8333333333333334,0.16666666666666663,True,False,"{""eta_only"": 1, ""full_reciprocal"": 5}"
colored_noise_null,47,970047,0.0,-0.03423772107203413,0.13737346385435495,-0.004703354338144567,0.09797286523698293,False,False,False,5,0.8333333333333334,0.16666666666666663,True,False,"{""full_reciprocal"": 5, ""replay_only_basis"": 1}"
colored_noise_null,48,970048,0.0,-0.10302948708656431,-0.27671438562748274,0.02850974122067331,0.24121182671733343,False,False,False,5,0.8333333333333334,0.16666666666666663,True,False,"{""eta_only"": 1, ""full_reciprocal"": 5}"
colored_noise_null,49,970049,0.0,-0.15806739354110955,-0.14731974060688613,0.023286447414882845,0.2179985368556163,False,False,False,5,0.8333333333333334,0.16666666666666663,True,False,"{""eta_only"": 1, ""full_reciprocal"": 5}"
colored_noise_null,50,970050,0.0,0.20886562742930276,0.21929371701770578,0.045802919796207084,0.30573738162493574,True,False,False,4,0.6666666666666666,0.33333333333333337,True,False,"{""eta_only"": 2, ""full_reciprocal"": 4}"
colored_noise_null,51,970051,0.0,-0.19634993745949583,-0.2552116364496624,0.050110788855826795,0.3197919886931185,True,False,False,4,0.6666666666666666,0.33333333333333337,True,False,"{""eta_only"": 2, ""full_reciprocal"": 4}"
colored_noise_null,52,970052,0.0,0.049644889124074526,0.062313403705155646,0.003093542017886147,0.07945659857375287,False,False,False,4,0.6666666666666666,0.33333333333333337,True,False,"{""full_reciprocal"": 4, ""replay_only_basis"": 2}"
colored_noise_null,53,970053,0.0,-0.05722133205835012,-0.12910729542102103,0.007387691422441751,0.12278811534627156,False,False,False,5,0.8333333333333334,0.16666666666666663,True,False,"{""eta_only"": 1, ""full_reciprocal"": 5}"
colored_noise_null,54,970054,0.0,-0.1623425072563195,-0.06391859470382319,0.010376704924519161,0.14552301819832253,False,False,False,5,0.8333333333333334,0.16666666666666663,True,False,"{""eta_only"": 1, ""full_reciprocal"": 5}"
colored_noise_null,55,970055,0.0,-0.0005730234458048541,-0.010551487757308964,6.046249873060914e-06,0.0035127319076790303,False,False,False,5,0.8333333333333334,0.16666666666666663,True,False,"{""eta_only"": 1, ""full_reciprocal"": 5}"
colored_noise_null,56,970056,0.0,-0.17295111418606376,-0.2051661627833833,0.03548371644666547,0.2691017425628041,False,False,False,6,1.0,0.0,True,False,"{""full_reciprocal"": 6}"
colored_noise_null,57,970057,0.0,-0.010406535490361198,0.1002911851558217,-0.0010436837776944445,0.04615156436410329,False,False,False,5,0.8333333333333334,0.16666666666666663,True,False,"{""eta_only"": 1, ""full_reciprocal"": 5}"
colored_noise_null,58,970058,0.0,0.10251217166679619,0.14651844696345154,0.015019924187469717,0.17507971471601227,False,False,False,4,0.6666666666666666,0.33333333333333337,True,False,"{""eta_only"": 2, ""full_reciprocal"": 4}"
colored_noise_null,59,970059,0.0,-0.3060257132705655,-0.3029623240751297,0.09271426131919978,0.4349859517299938,True,False,False,5,0.8333333333333334,0.16666666666666663,True,False,"{""eta_only"": 1, ""full_reciprocal"": 5}"
colored_noise_null,60,970060,0.0,-0.19751251688102278,-0.09198206371963258,0.018167608913175242,0.19255324688000228,False,False,False,6,1.0,0.0,True,False,"{""full_reciprocal"": 6}"
