generator,trial,seed,K_hat_scaled,K_null_p_upper,K_null_q95,K_null_median,K_significant_null_calibrated
full_reciprocal_positive_control,1,930001,1.008126618738715,0.1,0.29850651327283545,0.19659719282815222,True
full_reciprocal_positive_control,2,930002,0.92330072591549,0.1,0.25509752604573926,0.223226355118,True
full_reciprocal_positive_control,3,930003,1.0580279022298509,0.1,0.3254270626476932,0.2638682726545867,True
full_reciprocal_positive_control,4,930004,1.0607887086169483,0.1,0.2810334750630678,0.25241803328658463,True
full_reciprocal_positive_control,5,930005,0.9937820400384081,0.1,0.31609102534747197,0.24688480653437359,True
full_reciprocal_positive_control,6,930006,0.954675165651904,0.1,0.34816767485666766,0.2806722068336495,True
full_reciprocal_positive_control,7,930007,1.005212983935432,0.1,0.32608045200517644,0.29406296755618855,True
full_reciprocal_positive_control,8,930008,0.9941713525806143,0.1,0.27692415920802044,0.20876230718935543,True
full_reciprocal_positive_control,9,930009,1.1204853462862259,0.1,0.2666928409542366,0.2614868961231443,True
full_reciprocal_positive_control,10,930010,0.9832073423470435,0.1,0.3011525439875773,0.24957966713772062,True
full_reciprocal_positive_control,11,930011,0.9357361323316983,0.1,0.32905231419235587,0.2023522679495042,True
full_reciprocal_positive_control,12,930012,1.0256958308091215,0.1,0.2598615190573095,0.25200573564182177,True
full_reciprocal_positive_control,13,930013,0.9679726949347662,0.1,0.34092526063689876,0.29204194393772587,True
full_reciprocal_positive_control,14,930014,1.066045758552761,0.1,0.2858298300967114,0.18204047100005727,True
full_reciprocal_positive_control,15,930015,1.0329220406021755,0.1,0.2785320976968943,0.2547457639343674,True
full_reciprocal_positive_control,16,930016,1.0132833021016323,0.1,0.3154781288104699,0.23933101131138967,True
full_reciprocal_positive_control,17,930017,1.0570539151184581,0.1,0.32619185530679123,0.19754782624623796,True
full_reciprocal_positive_control,18,930018,0.9837418166497386,0.1,0.25188129923459096,0.20488680738881426,True
full_reciprocal_positive_control,19,930019,1.0053685499519556,0.1,0.24874430989702373,0.2323762515183189,True
full_reciprocal_positive_control,20,930020,1.0444732265657202,0.1,0.33101202111536665,0.28726018363898453,True
standard_ping_null,1,940001,0.019304567714451697,0.7,0.0803945527356731,0.051149663262529316,False
standard_ping_null,2,940002,0.08222276117895147,0.6,0.109430824405233,0.08677083423860958,False
standard_ping_null,3,940003,0.060385497479383446,1.0,0.10391929034107493,0.10004497868404252,False
standard_ping_null,4,940004,0.07243112432782824,0.1,0.05758872960651465,0.0528633564757142,True
standard_ping_null,5,940005,0.011014325670224012,0.9,0.10492374569165741,0.0797773319567518,False
standard_ping_null,6,940006,0.047444443826601464,0.5,0.056143811390703374,0.04458025942763277,False
standard_ping_null,7,940007,0.1127440136378798,0.1,0.08316234176641665,0.047635316754569335,True
standard_ping_null,8,940008,0.017239630143717766,1.0,0.1256699532607272,0.03275396710043519,False
standard_ping_null,9,940009,0.1410454221915584,0.1,0.10518700521844888,0.016394466607148626,True
standard_ping_null,10,940010,0.03153976705778364,1.0,0.061641417411225745,0.054912416797068785,False
standard_ping_null,11,940011,0.04197151424389894,0.2,0.04070644515167083,0.027592583229092364,False
standard_ping_null,12,940012,0.04311003426950222,1.0,0.11505169123898637,0.10299065094008411,False
standard_ping_null,13,940013,0.0236975861956746,1.0,0.14176548902678024,0.09948717807052157,False
standard_ping_null,14,940014,0.029484192202016122,0.6,0.1365874078904923,0.044086741178731306,False
standard_ping_null,15,940015,0.13716159664068442,0.2,0.15269974757305904,0.045760819828252496,False
standard_ping_null,16,940016,0.12415059743758906,0.1,0.11097157865974544,0.0882130939355228,True
standard_ping_null,17,940017,0.02447614519064271,1.0,0.09747726254300303,0.038715075934064,False
standard_ping_null,18,940018,0.048988926240500025,0.5,0.09565094166053545,0.041890148005224136,False
standard_ping_null,19,940019,0.09448495640436275,0.1,0.07967213251246597,0.06074116545993619,True
standard_ping_null,20,940020,0.009358944047864942,1.0,0.08762688787138798,0.04358049495783585,False
replay_only_null,1,950001,0.03842899906902817,0.8,0.10314104157247649,0.043538137300587164,False
replay_only_null,2,950002,0.02553993356423076,0.6,0.10090341213845308,0.02666291852581177,False
replay_only_null,3,950003,0.057945464511359006,0.6,0.13228407758893576,0.0704716002629208,False
replay_only_null,4,950004,0.07825786578158074,0.1,0.05525781263306806,0.03958103361655702,True
replay_only_null,5,950005,0.009029592208372322,1.0,0.10799724662537658,0.08482413358636302,False
replay_only_null,6,950006,0.04388775340793485,0.4,0.1213044633269819,0.009622876261967443,False
replay_only_null,7,950007,0.03591419923285017,0.6,0.11045537623143649,0.06072645722765063,False
replay_only_null,8,950008,0.10449414035599726,0.4,0.19451529858629504,0.08551856153882612,False
replay_only_null,9,950009,0.02658239210751379,0.6,0.06804201112284415,0.028040074257505685,False
replay_only_null,10,950010,0.039490779014877256,0.4,0.06370251399877336,0.03806479215997846,False
replay_only_null,11,950011,0.03549628397997067,0.6,0.1965191707755537,0.058641893554214196,False
replay_only_null,12,950012,0.018536462180641332,1.0,0.17031623710475455,0.10393845922528783,False
replay_only_null,13,950013,0.04473606032450128,0.5,0.1184910254121114,0.027130453592365735,False
replay_only_null,14,950014,0.008038376969335638,0.9,0.19617530373447256,0.036176350342182896,False
replay_only_null,15,950015,0.032274168221913216,0.7,0.10177727263194083,0.044677534293498716,False
replay_only_null,16,950016,0.03482744225783262,0.8,0.11016784737152509,0.050658621753311935,False
replay_only_null,17,950017,0.06928348103511349,0.4,0.09125983611397302,0.05843326507917071,False
replay_only_null,18,950018,0.05240713668636825,0.8,0.14878338981710543,0.052507451456197535,False
replay_only_null,19,950019,0.03311955793842119,0.6,0.06393128069164497,0.045588710227917155,False
replay_only_null,20,950020,0.06213377098312324,0.5,0.13656382518918478,0.03137240542738987,False
sensory_drive_only_null,1,960001,0.09679365148956928,0.2,0.11258920853942254,0.05028733492043998,False
sensory_drive_only_null,2,960002,0.05734181446700169,0.2,0.05382587343345918,0.028566030070429196,False
sensory_drive_only_null,3,960003,0.11862854370845466,0.2,0.13176366718653798,0.08330401694674382,False
sensory_drive_only_null,4,960004,0.10010196864441968,0.1,0.07656338034143133,0.059209222135928406,True
sensory_drive_only_null,5,960005,0.07275050393702194,0.5,0.14195830729258,0.058020375124973475,False
sensory_drive_only_null,6,960006,0.09385833115483505,0.4,0.10765914248925047,0.06430703735663623,False
sensory_drive_only_null,7,960007,0.051581756708811315,0.6,0.1294149562591022,0.067235951557695,False
sensory_drive_only_null,8,960008,0.07763653536665804,0.1,0.07281317079406582,0.042393077897517895,True
sensory_drive_only_null,9,960009,0.04427193043716584,0.6,0.10863820293932806,0.06572954138256142,False
sensory_drive_only_null,10,960010,0.02584667540628952,0.5,0.12422049821603134,0.01877269480044518,False
sensory_drive_only_null,11,960011,0.10952116954821454,0.1,0.06345491041449776,0.05383940400252706,True
sensory_drive_only_null,12,960012,0.14138086384348367,0.1,0.10311631403109779,0.05213619270104036,True
sensory_drive_only_null,13,960013,0.0724132051539088,0.6,0.10720552925873895,0.0763141935419954,False
sensory_drive_only_null,14,960014,0.13226897018595252,0.2,0.13432648961939445,0.08409135238610727,False
sensory_drive_only_null,15,960015,0.151279044387443,0.1,0.09647731689115802,0.08239443242404292,True
sensory_drive_only_null,16,960016,0.07372633354254338,0.1,0.044760917400751866,0.03782883868812266,True
sensory_drive_only_null,17,960017,0.018720117115158183,0.7,0.06847818337022066,0.06326413546639885,False
sensory_drive_only_null,18,960018,0.022715336787748324,0.9,0.1770199097524834,0.07664122965397571,False
sensory_drive_only_null,19,960019,0.07039203230465331,0.1,0.06260376097184728,0.03676891988953178,True
sensory_drive_only_null,20,960020,0.045413502979164355,0.9,0.14637808291402565,0.05834958375180679,False
generic_hidden_oscillator_null,1,970001,0.03981518146569702,1.0,0.14406309914855522,0.09534431750584871,False
generic_hidden_oscillator_null,2,970002,0.07162907495721103,0.1,0.06832973307761826,0.06631799597769295,True
generic_hidden_oscillator_null,3,970003,0.010622672879192956,1.0,0.10523224149867144,0.06476087737817231,False
generic_hidden_oscillator_null,4,970004,0.0664409356268564,0.8,0.16839335489704824,0.0847022703775207,False
generic_hidden_oscillator_null,5,970005,0.05145587988427899,0.7,0.1346969995273006,0.06522546649534167,False
generic_hidden_oscillator_null,6,970006,0.00127748824088158,1.0,0.08134356495891663,0.0316130210637204,False
generic_hidden_oscillator_null,7,970007,0.05724097015928047,0.5,0.09247908470980476,0.05248140638159928,False
generic_hidden_oscillator_null,8,970008,0.04827153728539375,0.5,0.13918569847531045,0.047357795696049206,False
generic_hidden_oscillator_null,9,970009,0.13787937817409748,0.1,0.08653827505859167,0.02423485082216635,True
generic_hidden_oscillator_null,10,970010,0.07130220458474126,0.8,0.08508947430043452,0.08452708235753223,False
generic_hidden_oscillator_null,11,970011,0.04545797991741872,0.9,0.13774934695516913,0.06496157515987251,False
generic_hidden_oscillator_null,12,970012,0.08565653112423151,0.4,0.10448320435197869,0.04115421685901197,False
generic_hidden_oscillator_null,13,970013,0.03825783192003289,0.9,0.13779109842378282,0.05786927284326824,False
generic_hidden_oscillator_null,14,970014,0.10378712718370352,0.5,0.20955821952638398,0.08992092427700465,False
generic_hidden_oscillator_null,15,970015,0.022343851728192605,0.4,0.05165498754209445,0.01601023327552146,False
generic_hidden_oscillator_null,16,970016,0.05855444608430194,1.0,0.13698252592333052,0.10547353850257293,False
generic_hidden_oscillator_null,17,970017,0.015072899220652006,0.9,0.08572969551602552,0.038810089201518835,False
generic_hidden_oscillator_null,18,970018,0.06192637597499719,0.5,0.13869545856983478,0.04331274304041443,False
generic_hidden_oscillator_null,19,970019,0.06672237071538738,0.2,0.08606707223158971,0.044437926818700686,False
generic_hidden_oscillator_null,20,970020,0.046037266153510906,0.8,0.1852592857798746,0.10868240424155758,False
colored_noise_null,1,980001,0.8917741201039393,0.1,0.39984062271310433,0.23140896153097246,True
colored_noise_null,2,980002,0.8884916741268912,0.1,0.5857833552564633,0.15282550997680075,True
colored_noise_null,3,980003,0.5720272850526481,0.1,0.14689476834014115,0.05205719009560849,True
colored_noise_null,4,980004,0.8100192871905465,0.1,0.13086871122616753,0.08792953826768041,True
colored_noise_null,5,980005,0.7023229551385191,0.1,0.292829288176904,0.2860579814550073,True
colored_noise_null,6,980006,0.8652444080383387,0.1,0.31185844963388243,0.27039245803140693,True
colored_noise_null,7,980007,0.7941751685526804,0.1,0.0729111327059983,0.0381050708835436,True
colored_noise_null,8,980008,0.5400396850130457,0.1,0.09810720629872483,0.0905892378288015,True
colored_noise_null,9,980009,0.8254464508442437,0.1,0.38019583824727876,0.2147129164138973,True
colored_noise_null,10,980010,0.7640623299227869,0.1,0.35616411384161073,0.23366942665274285,True
colored_noise_null,11,980011,0.7294297382131008,0.1,0.29696628432996264,0.18420693113098405,True
colored_noise_null,12,980012,0.7242774647680619,0.1,0.1736171022013171,0.07255769083372027,True
colored_noise_null,13,980013,0.6859554697975073,0.1,0.09289788255650089,0.07237112654052605,True
colored_noise_null,14,980014,0.8276652793904347,0.1,0.2641436709757256,0.053630339092675575,True
colored_noise_null,15,980015,0.796729545543467,0.1,0.1528141616969915,0.09748576889932639,True
colored_noise_null,16,980016,0.7834102083545227,0.1,0.10866032594330641,0.06199538282758466,True
colored_noise_null,17,980017,0.7582531140512604,0.1,0.32381458654416884,0.09195977628028595,True
colored_noise_null,18,980018,0.7032755178689646,0.1,0.32823054022573567,0.25652584309918736,True
colored_noise_null,19,980019,0.8462826693472362,0.1,0.1750728403674902,0.1489630420022589,True
colored_noise_null,20,980020,0.8285042406285565,0.1,0.31630247492267977,0.235305546987337,True
