generator,trial,seed,K_true_scaled,eta_hat,zeta_hat,eta_zeta_product,K_hat_scaled,K_null_p_upper,K_null_q95,K_null_median,K_significant_null_calibrated,K_within_15_positive,K_within_10_positive,full_cv_wins,full_cv_win_rate,full_prediction_win,full_and_K_lock,non_full_cv_win_rate,cv_winner_counts_json
full_reciprocal_positive_control,1,930001,1.0,0.5764711838571,0.8638704949285524,0.49799644691068146,1.008126618738715,0.1,0.29850651327283545,0.19659719282815222,True,True,True,3,0.5,False,False,0.5,"{""eta_only"": 1, ""full_reciprocal"": 3, ""standard_ping"": 1, ""zeta_only"": 1}"
full_reciprocal_positive_control,2,930002,1.0,0.48120429968552253,0.8680663768097289,0.4177172729332745,0.92330072591549,0.1,0.25509752604573926,0.223226355118,True,True,True,3,0.5,False,False,0.5,"{""colored_noise_ar"": 2, ""eta_only"": 1, ""full_reciprocal"": 3}"
full_reciprocal_positive_control,3,930003,1.0,0.6371354292944778,0.8609116136217266,0.5485172905294804,1.0580279022298509,0.1,0.3254270626476932,0.2638682726545867,True,True,True,4,0.6666666666666666,True,True,0.33333333333333337,"{""colored_noise_ar"": 1, ""eta_only"": 1, ""full_reciprocal"": 4}"
full_reciprocal_positive_control,4,930004,1.0,0.6520528120911876,0.8456118969151919,0.5513836153213143,1.0607887086169483,0.1,0.2810334750630678,0.25241803328658463,True,True,True,5,0.8333333333333334,True,True,0.16666666666666663,"{""eta_only"": 1, ""full_reciprocal"": 5}"
full_reciprocal_positive_control,5,930005,1.0,0.5606511875743914,0.8631487007350898,0.483925344120421,0.9937820400384081,0.1,0.31609102534747197,0.24688480653437359,True,True,True,3,0.5,False,False,0.5,"{""colored_noise_ar"": 1, ""eta_only"": 2, ""full_reciprocal"": 3}"
full_reciprocal_positive_control,6,930006,1.0,0.5222861132737836,0.8550644520066297,0.4465882892371203,0.954675165651904,0.1,0.34816767485666766,0.2806722068336495,True,True,True,4,0.6666666666666666,True,True,0.33333333333333337,"{""eta_only"": 2, ""full_reciprocal"": 4}"
full_reciprocal_positive_control,7,930007,1.0,0.5661867029228442,0.8744854613318875,0.4951220401054638,1.005212983935432,0.1,0.32608045200517644,0.29406296755618855,True,True,True,4,0.6666666666666666,True,True,0.33333333333333337,"{""eta_only"": 2, ""full_reciprocal"": 4}"
full_reciprocal_positive_control,8,930008,1.0,0.5671498735465904,0.8539269687825816,0.4843045723630644,0.9941713525806143,0.1,0.27692415920802044,0.20876230718935543,True,True,True,4,0.6666666666666666,True,True,0.33333333333333337,"{""eta_only"": 2, ""full_reciprocal"": 4}"
full_reciprocal_positive_control,9,930009,1.0,0.703841728737412,0.874044272157915,0.61518883150866,1.1204853462862259,0.1,0.2666928409542366,0.2614868961231443,True,True,False,4,0.6666666666666666,True,True,0.33333333333333337,"{""eta_only"": 2, ""full_reciprocal"": 4}"
full_reciprocal_positive_control,10,930010,1.0,0.5499211313093426,0.8613623759361609,0.47368137224211687,0.9832073423470435,0.1,0.3011525439875773,0.24957966713772062,True,True,True,3,0.5,False,False,0.5,"{""colored_noise_ar"": 1, ""eta_only"": 2, ""full_reciprocal"": 3}"
full_reciprocal_positive_control,11,930011,1.0,0.516489924047429,0.8306939082564424,0.4290450335820319,0.9357361323316983,0.1,0.32905231419235587,0.2023522679495042,True,True,True,3,0.5,False,False,0.5,"{""colored_noise_ar"": 2, ""eta_only"": 1, ""full_reciprocal"": 3}"
full_reciprocal_positive_control,12,930012,1.0,0.6051028030704303,0.8519303607261808,0.5155054492962148,1.0256958308091215,0.1,0.2598615190573095,0.25200573564182177,True,True,True,4,0.6666666666666666,True,True,0.33333333333333337,"{""eta_only"": 2, ""full_reciprocal"": 4}"
full_reciprocal_positive_control,13,930013,1.0,0.5307431419823161,0.8650434105911472,0.4591158576882442,0.9679726949347662,0.1,0.34092526063689876,0.29204194393772587,True,True,True,3,0.5,False,False,0.5,"{""colored_noise_ar"": 1, ""eta_only"": 2, ""full_reciprocal"": 3}"
full_reciprocal_positive_control,14,930014,1.0,0.6590049024874869,0.8450047062911739,0.5568622440708825,1.066045758552761,0.1,0.2858298300967114,0.18204047100005727,True,True,True,3,0.5,False,False,0.5,"{""eta_only"": 2, ""full_reciprocal"": 3, ""zeta_only"": 1}"
full_reciprocal_positive_control,15,930015,1.0,0.6168610842765667,0.8475079801384765,0.5227946915612636,1.0329220406021755,0.1,0.2785320976968943,0.2547457639343674,True,True,True,4,0.6666666666666666,True,True,0.33333333333333337,"{""eta_only"": 2, ""full_reciprocal"": 4}"
full_reciprocal_positive_control,16,930016,1.0,0.5871922381222782,0.8567962278667696,0.5031040946558138,1.0132833021016323,0.1,0.3154781288104699,0.23933101131138967,True,True,True,2,0.3333333333333333,False,False,0.6666666666666667,"{""eta_only"": 3, ""full_reciprocal"": 2, ""zeta_only"": 1}"
full_reciprocal_positive_control,17,930017,1.0,0.6314995736262925,0.8669964047560236,0.5475078599389575,1.0570539151184581,0.1,0.32619185530679123,0.19754782624623796,True,True,True,4,0.6666666666666666,True,True,0.33333333333333337,"{""eta_only"": 2, ""full_reciprocal"": 4}"
full_reciprocal_positive_control,18,930018,1.0,0.5835334215059098,0.8126295492564312,0.47419650129441054,0.9837418166497386,0.1,0.25188129923459096,0.20488680738881426,True,True,True,4,0.6666666666666666,True,True,0.33333333333333337,"{""eta_only"": 2, ""full_reciprocal"": 4}"
full_reciprocal_positive_control,19,930019,1.0,0.5775120713385491,0.857601643297225,0.49527530140392395,1.0053685499519556,0.1,0.24874430989702373,0.2323762515183189,True,True,True,4,0.6666666666666666,True,True,0.33333333333333337,"{""eta_only"": 2, ""full_reciprocal"": 4}"
full_reciprocal_positive_control,20,930020,1.0,0.6270236395706361,0.8525243444764222,0.534552917296177,1.0444732265657202,0.1,0.33101202111536665,0.28726018363898453,True,True,True,4,0.6666666666666666,True,True,0.33333333333333337,"{""eta_only"": 2, ""full_reciprocal"": 4}"
standard_ping_null,1,940001,0.0,-0.0005382873830043418,-0.3392360841811408,0.00018260650397450688,0.019304567714451697,0.7,0.0803945527356731,0.051149663262529316,False,False,False,1,0.16666666666666666,False,False,0.8333333333333334,"{""eta_only"": 3, ""full_reciprocal"": 1, ""standard_ping"": 2}"
standard_ping_null,2,940002,0.0,-0.03488320769935856,0.09496504541488741,-0.0033126854033865357,0.08222276117895147,0.6,0.109430824405233,0.08677083423860958,False,False,False,2,0.3333333333333333,False,False,0.6666666666666667,"{""eta_only"": 3, ""full_reciprocal"": 2, ""standard_ping"": 1}"
standard_ping_null,3,940003,0.0,0.045848543942198616,-0.0389704866551604,-0.0017867400698579861,0.060385497479383446,1.0,0.10391929034107493,0.10004497868404252,False,False,False,1,0.16666666666666666,False,False,0.8333333333333334,"{""eta_only"": 5, ""full_reciprocal"": 1}"
standard_ping_null,4,940004,0.0,-0.03367844570265873,0.07632986482448571,-0.0025706712079827227,0.07243112432782824,0.1,0.05758872960651465,0.0528633564757142,True,False,False,2,0.3333333333333333,False,False,0.6666666666666667,"{""eta_only"": 4, ""full_reciprocal"": 2}"
standard_ping_null,5,940005,0.0,-0.0204879920255332,-0.0029014327617414813,5.944453128518024e-05,0.011014325670224012,0.9,0.10492374569165741,0.0797773319567518,False,False,False,1,0.16666666666666666,False,False,0.8333333333333334,"{""eta_only"": 5, ""full_reciprocal"": 1}"
standard_ping_null,6,940006,0.0,0.0072609725041268966,-0.1519049785522145,-0.0011029778725076154,0.047444443826601464,0.5,0.056143811390703374,0.04458025942763277,False,False,False,0,0.0,False,False,1.0,"{""eta_only"": 5, ""standard_ping"": 1}"
standard_ping_null,7,940007,0.0,-0.026867874437706243,0.23181938690082565,-0.006228494179477427,0.1127440136378798,0.1,0.08316234176641665,0.047635316754569335,True,False,False,0,0.0,False,False,1.0,"{""eta_only"": 5, ""standard_ping"": 1}"
standard_ping_null,8,940008,0.0,0.001343617305068804,-0.10838679639044381,-0.00014563037527116928,0.017239630143717766,1.0,0.1256699532607272,0.03275396710043519,False,False,False,4,0.6666666666666666,True,False,0.33333333333333337,"{""eta_only"": 1, ""full_reciprocal"": 4, ""zeta_only"": 1}"
standard_ping_null,9,940009,0.0,0.04067447914455252,-0.23965807686786467,-0.009747967449385527,0.1410454221915584,0.1,0.10518700521844888,0.016394466607148626,True,False,False,0,0.0,False,False,1.0,"{""eta_only"": 5, ""standard_ping"": 1}"
standard_ping_null,10,940010,0.0,0.009743174398311847,-0.05002793381728745,-0.00048743088396903454,0.03153976705778364,1.0,0.061641417411225745,0.054912416797068785,False,False,False,1,0.16666666666666666,False,False,0.8333333333333334,"{""eta_only"": 5, ""full_reciprocal"": 1}"
standard_ping_null,11,940011,0.0,-0.00587750214575184,-0.14686305550863052,0.0008631879238836475,0.04197151424389894,0.2,0.04070644515167083,0.027592583229092364,False,False,False,1,0.16666666666666666,False,False,0.8333333333333334,"{""eta_only"": 3, ""full_reciprocal"": 1, ""standard_ping"": 1, ""zeta_only"": 1}"
standard_ping_null,12,940012,0.0,-0.0073587587731734315,0.1237508668080631,-0.0009106527768116512,0.04311003426950222,1.0,0.11505169123898637,0.10299065094008411,False,False,False,2,0.3333333333333333,False,False,0.6666666666666667,"{""eta_only"": 4, ""full_reciprocal"": 2}"
standard_ping_null,13,940013,0.0,-0.0017976890359871524,-0.15306987711842837,0.00027517203983569937,0.0236975861956746,1.0,0.14176548902678024,0.09948717807052157,False,False,False,2,0.3333333333333333,False,False,0.6666666666666667,"{""eta_only"": 4, ""full_reciprocal"": 2}"
standard_ping_null,14,940014,0.0,0.012084327570597663,-0.03524942670712398,-0.0004259656190046599,0.029484192202016122,0.6,0.1365874078904923,0.044086741178731306,False,False,False,4,0.6666666666666666,True,False,0.33333333333333337,"{""eta_only"": 2, ""full_reciprocal"": 4}"
standard_ping_null,15,940015,0.0,-0.041123359654330775,0.224167452223468,-0.009218518760580685,0.13716159664068442,0.2,0.15269974757305904,0.045760819828252496,False,False,False,1,0.16666666666666666,False,False,0.8333333333333334,"{""eta_only"": 3, ""full_reciprocal"": 1, ""standard_ping"": 2}"
standard_ping_null,16,940016,0.0,-0.02324516440046805,0.32490850929245185,-0.007552551713614044,0.12415059743758906,0.1,0.11097157865974544,0.0882130939355228,True,False,False,0,0.0,False,False,1.0,"{""eta_only"": 3, ""standard_ping"": 3}"
standard_ping_null,17,940017,0.0,-0.0034124739368228915,-0.08602264231095644,0.00029355002486277694,0.02447614519064271,1.0,0.09747726254300303,0.038715075934064,False,False,False,0,0.0,False,False,1.0,"{""eta_only"": 5, ""standard_ping"": 1}"
standard_ping_null,18,940018,0.0,0.012136753335358332,-0.09689232908200032,-0.0011759582981566044,0.048988926240500025,0.5,0.09565094166053545,0.041890148005224136,False,False,False,2,0.3333333333333333,False,False,0.6666666666666667,"{""eta_only"": 4, ""full_reciprocal"": 2}"
standard_ping_null,19,940019,0.0,0.016119290517837358,-0.2713785336060011,-0.00437442942349982,0.09448495640436275,0.1,0.07967213251246597,0.06074116545993619,True,False,False,1,0.16666666666666666,False,False,0.8333333333333334,"{""eta_only"": 4, ""full_reciprocal"": 1, ""zeta_only"": 1}"
standard_ping_null,20,940020,0.0,-0.0036764243504876252,0.011674119855867575,-4.291901850862264e-05,0.009358944047864942,1.0,0.08762688787138798,0.04358049495783585,False,False,False,0,0.0,False,False,1.0,"{""eta_only"": 6}"
replay_only_null,1,950001,0.0,0.001855465060438788,-0.389997160527552,-0.00072362610502921,0.03842899906902817,0.8,0.10314104157247649,0.043538137300587164,False,False,False,0,0.0,False,False,1.0,"{""eta_only"": 2, ""replay_only_basis"": 3, ""zeta_only"": 1}"
replay_only_null,2,950002,0.0,0.017745039325203698,0.018011863220502515,0.00031962122116800727,0.02553993356423076,0.6,0.10090341213845308,0.02666291852581177,False,False,False,0,0.0,False,False,1.0,"{""eta_only"": 1, ""replay_only_basis"": 3, ""standard_ping"": 2}"
replay_only_null,3,950003,0.0,-0.017268061915576567,0.0952777253282901,-0.001645261660144211,0.057945464511359006,0.6,0.13228407758893576,0.0704716002629208,False,False,False,0,0.0,False,False,1.0,"{""eta_only"": 4, ""replay_only_basis"": 1, ""zeta_only"": 1}"
replay_only_null,4,950004,0.0,-0.015227740053728456,0.19706823416927932,-0.0030009038427770735,0.07825786578158074,0.1,0.05525781263306806,0.03958103361655702,True,False,False,1,0.16666666666666666,False,False,0.8333333333333334,"{""eta_only"": 1, ""full_reciprocal"": 1, ""replay_only_basis"": 4}"
replay_only_null,5,950005,0.0,-0.004127001167929469,-0.009680499409768248,3.995143237025409e-05,0.009029592208372322,1.0,0.10799724662537658,0.08482413358636302,False,False,False,0,0.0,False,False,1.0,"{""eta_only"": 1, ""replay_only_basis"": 3, ""zeta_only"": 2}"
replay_only_null,6,950006,0.0,0.02009695040737127,0.04696265261518071,0.0009438061006058915,0.04388775340793485,0.4,0.1213044633269819,0.009622876261967443,False,False,False,1,0.16666666666666666,False,False,0.8333333333333334,"{""eta_only"": 2, ""full_reciprocal"": 1, ""replay_only_basis"": 3}"
replay_only_null,7,950007,0.0,-0.011955460261051912,-0.052864259710855385,0.0006320165562030592,0.03591419923285017,0.6,0.11045537623143649,0.06072645722765063,False,False,False,0,0.0,False,False,1.0,"{""eta_only"": 1, ""generic_hidden_tuned"": 1, ""replay_only_basis"": 2, ""zeta_only"": 2}"
replay_only_null,8,950008,0.0,0.019476159928097987,0.2747113625290786,0.005350322430682039,0.10449414035599726,0.4,0.19451529858629504,0.08551856153882612,False,False,False,0,0.0,False,False,1.0,"{""eta_only"": 3, ""replay_only_basis"": 2, ""zeta_only"": 1}"
replay_only_null,9,950009,0.0,-0.011564273709572798,0.029940968025567467,-0.0003462455493772296,0.02658239210751379,0.6,0.06804201112284415,0.028040074257505685,False,False,False,0,0.0,False,False,1.0,"{""eta_only"": 1, ""replay_only_basis"": 1, ""zeta_only"": 4}"
replay_only_null,10,950010,0.0,0.009957933675977085,0.07673937407038765,0.000764165597328916,0.039490779014877256,0.4,0.06370251399877336,0.03806479215997846,False,False,False,0,0.0,False,False,1.0,"{""eta_only"": 2, ""replay_only_basis"": 4}"
replay_only_null,11,950011,0.0,0.022415169611200204,0.027543544712728855,0.0006173932264294939,0.03549628397997067,0.6,0.1965191707755537,0.058641893554214196,False,False,False,1,0.16666666666666666,False,False,0.8333333333333334,"{""eta_only"": 1, ""full_reciprocal"": 1, ""replay_only_basis"": 4}"
replay_only_null,12,950012,0.0,0.007990420759963725,-0.021070756577554008,-0.00016836421078542975,0.018536462180641332,1.0,0.17031623710475455,0.10393845922528783,False,False,False,1,0.16666666666666666,False,False,0.8333333333333334,"{""eta_only"": 1, ""full_reciprocal"": 1, ""replay_only_basis"": 4}"
replay_only_null,13,950013,0.0,0.005231566339041751,-0.1874475696555453,-0.0009806443957451347,0.04473606032450128,0.5,0.1184910254121114,0.027130453592365735,False,False,False,0,0.0,False,False,1.0,"{""eta_only"": 1, ""replay_only_basis"": 4, ""zeta_only"": 1}"
replay_only_null,14,950014,0.0,0.017923711831184158,0.0017664643019129351,3.166159710756134e-05,0.008038376969335638,0.9,0.19617530373447256,0.036176350342182896,False,False,False,0,0.0,False,False,1.0,"{""eta_only"": 2, ""replay_only_basis"": 2, ""standard_ping"": 1, ""zeta_only"": 1}"
replay_only_null,15,950015,0.0,-0.022080962674257666,0.02311469637413223,-0.0005103947478640127,0.032274168221913216,0.7,0.10177727263194083,0.044677534293498716,False,False,False,0,0.0,False,False,1.0,"{""eta_only"": 3, ""replay_only_basis"": 2, ""zeta_only"": 1}"
replay_only_null,16,950016,0.0,0.005160324233751582,-0.11517606895352261,-0.000594345859769106,0.03482744225783262,0.8,0.11016784737152509,0.050658621753311935,False,False,False,0,0.0,False,False,1.0,"{""replay_only_basis"": 4, ""zeta_only"": 2}"
replay_only_null,17,950017,0.0,0.019449022817059056,-0.12093658313079729,-0.002352098364728036,0.06928348103511349,0.4,0.09125983611397302,0.05843326507917071,False,False,False,0,0.0,False,False,1.0,"{""eta_only"": 2, ""replay_only_basis"": 3, ""zeta_only"": 1}"
replay_only_null,18,950018,0.0,0.012885948808444283,0.10443848009029005,0.0013457889080752052,0.05240713668636825,0.8,0.14878338981710543,0.052507451456197535,False,False,False,0,0.0,False,False,1.0,"{""eta_only"": 2, ""generic_hidden_tuned"": 1, ""zeta_only"": 3}"
replay_only_null,19,950019,0.0,-0.010410063841836775,-0.05163114424695205,0.0005374835078378544,0.03311955793842119,0.6,0.06393128069164497,0.045588710227917155,False,False,False,0,0.0,False,False,1.0,"{""eta_only"": 1, ""replay_only_basis"": 1, ""standard_ping"": 1, ""zeta_only"": 3}"
replay_only_null,20,950020,0.0,0.019379248702451175,-0.09761455267801487,-0.0018916966933257716,0.06213377098312324,0.5,0.13656382518918478,0.03137240542738987,False,False,False,1,0.16666666666666666,False,False,0.8333333333333334,"{""eta_only"": 1, ""full_reciprocal"": 1, ""replay_only_basis"": 2, ""zeta_only"": 2}"
sensory_drive_only_null,1,960001,0.0,0.09605757749747329,-0.04779232929100271,-0.004590815374655255,0.09679365148956928,0.2,0.11258920853942254,0.05028733492043998,False,False,False,0,0.0,False,False,1.0,"{""eta_only"": 1, ""sensory_drive_only"": 5}"
sensory_drive_only_null,2,960002,0.0,-0.02291938982437768,0.07029685426470941,-0.0016111610063203417,0.05734181446700169,0.2,0.05382587343345918,0.028566030070429196,False,False,False,0,0.0,False,False,1.0,"{""sensory_drive_only"": 6}"
sensory_drive_only_null,3,960003,0.0,0.08009610355816879,0.08609205780356857,0.006895638377370482,0.11862854370845466,0.2,0.13176366718653798,0.08330401694674382,False,False,False,0,0.0,False,False,1.0,"{""sensory_drive_only"": 6}"
sensory_drive_only_null,4,960004,0.0,0.05097727802188466,-0.09631738320495323,-0.004909998021979305,0.10010196864441968,0.1,0.07656338034143133,0.059209222135928406,True,False,False,0,0.0,False,False,1.0,"{""generic_hidden_tuned"": 1, ""sensory_drive_only"": 5}"
sensory_drive_only_null,5,960005,0.0,-0.08817855125191854,0.029410684531494733,-0.002593391553314416,0.07275050393702194,0.5,0.14195830729258,0.058020375124973475,False,False,False,0,0.0,False,False,1.0,"{""sensory_drive_only"": 6}"
sensory_drive_only_null,6,960006,0.0,-0.051397304123842844,0.08398493605642621,-0.004316599300313632,0.09385833115483505,0.4,0.10765914248925047,0.06430703735663623,False,False,False,0,0.0,False,False,1.0,"{""sensory_drive_only"": 6}"
sensory_drive_only_null,7,960007,0.0,-0.008391814606320842,-0.1553575832514031,0.0013037320363318305,0.051581756708811315,0.6,0.1294149562591022,0.067235951557695,False,False,False,0,0.0,False,False,1.0,"{""sensory_drive_only"": 6}"
sensory_drive_only_null,8,960008,0.0,-0.07287125184120141,0.04052958362877901,-0.002953441495631789,0.07763653536665804,0.1,0.07281317079406582,0.042393077897517895,True,False,False,0,0.0,False,False,1.0,"{""colored_noise_ar"": 1, ""sensory_drive_only"": 4, ""zeta_only"": 1}"
sensory_drive_only_null,9,960009,0.0,-0.0479147841685329,0.020043957011101766,-0.0009604018740702929,0.04427193043716584,0.6,0.10863820293932806,0.06572954138256142,False,False,False,0,0.0,False,False,1.0,"{""sensory_drive_only"": 5, ""standard_ping"": 1}"
sensory_drive_only_null,10,960010,0.0,0.03932589834898848,-0.008323899064644877,-0.0003273448084834647,0.02584667540628952,0.5,0.12422049821603134,0.01877269480044518,False,False,False,0,0.0,False,False,1.0,"{""sensory_drive_only"": 6}"
sensory_drive_only_null,11,960011,0.0,-0.11390599727520025,-0.051599516833271665,0.005877494423812291,0.10952116954821454,0.1,0.06345491041449776,0.05383940400252706,True,False,False,0,0.0,False,False,1.0,"{""colored_noise_ar"": 1, ""generic_hidden_tuned"": 1, ""sensory_drive_only"": 3, ""standard_ping"": 1}"
sensory_drive_only_null,12,960012,0.0,-0.12611091498331223,0.07766487813723015,-0.009794388843953537,0.14138086384348367,0.1,0.10311631403109779,0.05213619270104036,True,False,False,0,0.0,False,False,1.0,"{""sensory_drive_only"": 6}"
sensory_drive_only_null,13,960013,0.0,-0.05020491114392514,0.05117824848167909,-0.0025693994175244204,0.0724132051539088,0.6,0.10720552925873895,0.0763141935419954,False,False,False,0,0.0,False,False,1.0,"{""sensory_drive_only"": 5, ""standard_ping"": 1}"
sensory_drive_only_null,14,960014,0.0,-0.09575622614783963,0.08952513875233879,-0.008572589432285675,0.13226897018595252,0.2,0.13432648961939445,0.08409135238610727,False,False,False,0,0.0,False,False,1.0,"{""colored_noise_ar"": 1, ""generic_hidden_tuned"": 1, ""sensory_drive_only"": 4}"
sensory_drive_only_null,15,960015,0.0,-0.08383270166604107,0.1337642819547075,-0.011213821142681194,0.151279044387443,0.1,0.09647731689115802,0.08239443242404292,True,False,False,0,0.0,False,False,1.0,"{""sensory_drive_only"": 5, ""standard_ping"": 1}"
sensory_drive_only_null,16,960016,0.0,0.042176879997441616,-0.0631490619125567,-0.002663430406236915,0.07372633354254338,0.1,0.044760917400751866,0.03782883868812266,True,False,False,0,0.0,False,False,1.0,"{""sensory_drive_only"": 6}"
sensory_drive_only_null,17,960017,0.0,-0.002119137218069171,-0.08103154580571467,0.00017171696455456679,0.018720117115158183,0.7,0.06847818337022066,0.06326413546639885,False,False,False,0,0.0,False,False,1.0,"{""sensory_drive_only"": 6}"
sensory_drive_only_null,18,960018,0.0,0.007677964262097292,0.03292974397975962,0.00025283339743660776,0.022715336787748324,0.9,0.1770199097524834,0.07664122965397571,False,False,False,0,0.0,False,False,1.0,"{""colored_noise_ar"": 1, ""sensory_drive_only"": 5}"
sensory_drive_only_null,19,960019,0.0,0.06915480482437596,-0.03510918337541261,-0.002427968723869884,0.07039203230465331,0.1,0.06260376097184728,0.03676891988953178,True,False,False,0,0.0,False,False,1.0,"{""sensory_drive_only"": 6}"
sensory_drive_only_null,20,960020,0.0,0.0328159801378285,-0.03079503521291961,-0.0010105692638908992,0.045413502979164355,0.9,0.14637808291402565,0.05834958375180679,False,False,False,0,0.0,False,False,1.0,"{""sensory_drive_only"": 6}"
generic_hidden_oscillator_null,1,970001,0.0,0.0304419191611984,0.025516520384556096,0.0007767718508217277,0.03981518146569702,1.0,0.14406309914855522,0.09534431750584871,False,False,False,0,0.0,False,False,1.0,"{""colored_noise_ar"": 1, ""generic_hidden_tuned"": 5}"
generic_hidden_oscillator_null,2,970002,0.0,0.14727760647636368,0.017070177917537635,0.002514054945820621,0.07162907495721103,0.1,0.06832973307761826,0.06631799597769295,True,False,False,0,0.0,False,False,1.0,"{""generic_hidden_tuned"": 6}"
generic_hidden_oscillator_null,3,970003,0.0,-0.0007585985162926205,0.07288727379590476,-5.529217775818735e-05,0.010622672879192956,1.0,0.10523224149867144,0.06476087737817231,False,False,False,0,0.0,False,False,1.0,"{""colored_noise_ar"": 1, ""generic_hidden_tuned"": 5}"
generic_hidden_oscillator_null,4,970004,0.0,-0.05905042093500594,0.03663064462482143,-0.002163054984216318,0.0664409356268564,0.8,0.16839335489704824,0.0847022703775207,False,False,False,0,0.0,False,False,1.0,"{""generic_hidden_tuned"": 6}"
generic_hidden_oscillator_null,5,970005,0.0,0.06748010376537764,-0.019226062782844625,-0.0012973767115860204,0.05145587988427899,0.7,0.1346969995273006,0.06522546649534167,False,False,False,0,0.0,False,False,1.0,"{""generic_hidden_tuned"": 6}"
generic_hidden_oscillator_null,6,970006,0.0,0.06754911547518899,1.1838324382399508e-05,7.996683407394498e-07,0.00127748824088158,1.0,0.08134356495891663,0.0316130210637204,False,False,False,0,0.0,False,False,1.0,"{""generic_hidden_tuned"": 6}"
generic_hidden_oscillator_null,7,970007,0.0,0.05684567778273865,0.02824311554303565,0.0016054990457400624,0.05724097015928047,0.5,0.09247908470980476,0.05248140638159928,False,False,False,0,0.0,False,False,1.0,"{""generic_hidden_tuned"": 6}"
generic_hidden_oscillator_null,8,970008,0.0,0.08890998391025982,-0.01284185636543426,-0.0011417692428286278,0.04827153728539375,0.5,0.13918569847531045,0.047357795696049206,False,False,False,0,0.0,False,False,1.0,"{""generic_hidden_tuned"": 6}"
generic_hidden_oscillator_null,9,970009,0.0,0.07140987239679003,-0.13044770871205014,-0.009315254233581136,0.13787937817409748,0.1,0.08653827505859167,0.02423485082216635,True,False,False,0,0.0,False,False,1.0,"{""colored_noise_ar"": 1, ""generic_hidden_tuned"": 5}"
generic_hidden_oscillator_null,10,970010,0.0,0.06542663555116633,0.03807565717768743,0.002491162145535706,0.07130220458474126,0.8,0.08508947430043452,0.08452708235753223,False,False,False,0,0.0,False,False,1.0,"{""generic_hidden_tuned"": 6}"
generic_hidden_oscillator_null,11,970011,0.0,-0.030000577277412302,-0.03375100686701968,0.001012549689704497,0.04545797991741872,0.9,0.13774934695516913,0.06496157515987251,False,False,False,0,0.0,False,False,1.0,"{""colored_noise_ar"": 1, ""generic_hidden_tuned"": 5}"
generic_hidden_oscillator_null,12,970012,0.0,0.06345985699515411,0.0566523534578779,0.0035951502488758558,0.08565653112423151,0.4,0.10448320435197869,0.04115421685901197,False,False,False,0,0.0,False,False,1.0,"{""generic_hidden_tuned"": 6}"
generic_hidden_oscillator_null,13,970013,0.0,-0.013548211180194232,-0.05293645227696007,0.0007171942345785288,0.03825783192003289,0.9,0.13779109842378282,0.05786927284326824,False,False,False,0,0.0,False,False,1.0,"{""generic_hidden_tuned"": 6}"
generic_hidden_oscillator_null,14,970014,0.0,-0.09101483273629588,0.05799237385982447,-0.005278166206832661,0.10378712718370352,0.5,0.20955821952638398,0.08992092427700465,False,False,False,0,0.0,False,False,1.0,"{""colored_noise_ar"": 1, ""generic_hidden_tuned"": 5}"
generic_hidden_oscillator_null,15,970015,0.0,0.0138753295563677,0.017630671540550646,0.00024463137792521324,0.022343851728192605,0.4,0.05165498754209445,0.01601023327552146,False,False,False,0,0.0,False,False,1.0,"{""generic_hidden_tuned"": 6}"
generic_hidden_oscillator_null,16,970016,0.0,-0.036522203698622184,0.04600010887680079,-0.001680025346557317,0.05855444608430194,1.0,0.13698252592333052,0.10547353850257293,False,False,False,0,0.0,False,False,1.0,"{""generic_hidden_tuned"": 6}"
generic_hidden_oscillator_null,17,970017,0.0,0.01611936005967897,-0.006906243308459461,-0.00011132422254880659,0.015072899220652006,0.9,0.08572969551602552,0.038810089201518835,False,False,False,0,0.0,False,False,1.0,"{""generic_hidden_tuned"": 6}"
generic_hidden_oscillator_null,18,970018,0.0,-0.04552158545880227,0.041279082029886505,-0.0018790892602843876,0.06192637597499719,0.5,0.13869545856983478,0.04331274304041443,False,False,False,0,0.0,False,False,1.0,"{""generic_hidden_tuned"": 6}"
generic_hidden_oscillator_null,19,970019,0.0,0.03372656700497135,0.06467953376578267,0.002181418629401976,0.06672237071538738,0.2,0.08606707223158971,0.044437926818700686,False,False,False,0,0.0,False,False,1.0,"{""generic_hidden_tuned"": 6}"
generic_hidden_oscillator_null,20,970020,0.0,-0.018210135233590097,-0.057029814736360186,0.0010385206386957083,0.046037266153510906,0.8,0.1852592857798746,0.10868240424155758,False,False,False,0,0.0,False,False,1.0,"{""colored_noise_ar"": 2, ""generic_hidden_tuned"": 4}"
colored_noise_null,1,980001,0.0,0.6003215446929726,0.6491153503911011,0.389677929830706,0.8917741201039393,0.1,0.39984062271310433,0.23140896153097246,True,False,False,0,0.0,False,False,1.0,"{""colored_noise_ar"": 6}"
colored_noise_null,2,980002,0.0,0.5481086305502072,0.7057260757930033,0.38681455294647477,0.8884916741268912,0.1,0.5857833552564633,0.15282550997680075,True,False,False,1,0.16666666666666666,False,False,0.8333333333333334,"{""colored_noise_ar"": 4, ""eta_only"": 1, ""full_reciprocal"": 1}"
colored_noise_null,3,980003,0.0,0.3587416199079824,0.4469385384250395,0.16033545527390472,0.5720272850526481,0.1,0.14689476834014115,0.05205719009560849,True,False,False,0,0.0,False,False,1.0,"{""colored_noise_ar"": 2, ""eta_only"": 4}"
colored_noise_null,4,980004,0.0,0.4719435213842091,0.6812347151438003,0.3215043103541337,0.8100192871905465,0.1,0.13086871122616753,0.08792953826768041,True,False,False,1,0.16666666666666666,False,False,0.8333333333333334,"{""colored_noise_ar"": 1, ""eta_only"": 1, ""full_reciprocal"": 1, ""replay_only_basis"": 3}"
colored_noise_null,5,980005,0.0,0.4615067677805978,0.5237110443394613,0.2416961913241061,0.7023229551385191,0.1,0.292829288176904,0.2860579814550073,True,False,False,0,0.0,False,False,1.0,"{""colored_noise_ar"": 3, ""eta_only"": 2, ""generic_hidden_tuned"": 1}"
colored_noise_null,6,980006,0.0,0.5631678252901058,0.6513821413278033,0.3668374639643913,0.8652444080383387,0.1,0.31185844963388243,0.27039245803140693,True,False,False,0,0.0,False,False,1.0,"{""colored_noise_ar"": 3, ""eta_only"": 3}"
colored_noise_null,7,980007,0.0,0.52326275341988,0.5906209742037427,0.30904995718938233,0.7941751685526804,0.1,0.0729111327059983,0.0381050708835436,True,False,False,0,0.0,False,False,1.0,"{""colored_noise_ar"": 2, ""eta_only"": 3, ""replay_only_basis"": 1}"
colored_noise_null,8,980008,0.0,0.32767498389853267,0.4361181326092829,0.14290500208060491,0.5400396850130457,0.1,0.09810720629872483,0.0905892378288015,True,False,False,0,0.0,False,False,1.0,"{""colored_noise_ar"": 2, ""eta_only"": 3, ""replay_only_basis"": 1}"
colored_noise_null,9,980009,0.0,0.49855227777415484,0.6696736090829939,0.33386730317356555,0.8254464508442437,0.1,0.38019583824727876,0.2147129164138973,True,False,False,0,0.0,False,False,1.0,"{""colored_noise_ar"": 4, ""eta_only"": 2}"
colored_noise_null,10,980010,0.0,0.5144532256601427,0.5560422119938719,0.28605770956344834,0.7640623299227869,0.1,0.35616411384161073,0.23366942665274285,True,False,False,0,0.0,False,False,1.0,"{""colored_noise_ar"": 2, ""eta_only"": 3, ""generic_hidden_tuned"": 1}"
colored_noise_null,11,980011,0.0,0.4754122800146313,0.5483938994106257,0.26071319406491994,0.7294297382131008,0.1,0.29696628432996264,0.18420693113098405,True,False,False,0,0.0,False,False,1.0,"{""colored_noise_ar"": 6}"
colored_noise_null,12,980012,0.0,0.5360510800291141,0.47951240861553046,0.25704314452571697,0.7242774647680619,0.1,0.1736171022013171,0.07255769083372027,True,False,False,0,0.0,False,False,1.0,"{""colored_noise_ar"": 3, ""eta_only"": 3}"
colored_noise_null,13,980013,0.0,0.41770795891977336,0.5519696220377523,0.2305621042071083,0.6859554697975073,0.1,0.09289788255650089,0.07237112654052605,True,False,False,1,0.16666666666666666,False,False,0.8333333333333334,"{""colored_noise_ar"": 1, ""eta_only"": 4, ""full_reciprocal"": 1}"
colored_noise_null,14,980014,0.0,0.5459239634300951,0.6148559720627101,0.33566460920713853,0.8276652793904347,0.1,0.2641436709757256,0.053630339092675575,True,False,False,0,0.0,False,False,1.0,"{""colored_noise_ar"": 3, ""eta_only"": 2, ""replay_only_basis"": 1}"
colored_noise_null,15,980015,0.0,0.5210650398237462,0.5969335513062677,0.31104120468353064,0.796729545543467,0.1,0.1528141616969915,0.09748576889932639,True,False,False,0,0.0,False,False,1.0,"{""colored_noise_ar"": 4, ""eta_only"": 2}"
colored_noise_null,16,980016,0.0,0.5185765060081236,0.5799114658055615,0.30072846173149753,0.7834102083545227,0.1,0.10866032594330641,0.06199538282758466,True,False,False,0,0.0,False,False,1.0,"{""colored_noise_ar"": 2, ""eta_only"": 4}"
colored_noise_null,17,980017,0.0,0.5386672870015684,0.5230026426938235,0.2817244146345325,0.7582531140512604,0.1,0.32381458654416884,0.09195977628028595,True,False,False,1,0.16666666666666666,False,False,0.8333333333333334,"{""colored_noise_ar"": 2, ""eta_only"": 3, ""full_reciprocal"": 1}"
colored_noise_null,18,980018,0.0,0.42929382794372606,0.5645370296550368,0.24235226247659156,0.7032755178689646,0.1,0.32823054022573567,0.25652584309918736,True,False,False,0,0.0,False,False,1.0,"{""colored_noise_ar"": 5, ""eta_only"": 1}"
colored_noise_null,19,980019,0.0,0.5367518511733943,0.6538128073283522,0.3509352346543668,0.8462826693472362,0.1,0.1750728403674902,0.1489630420022589,True,False,False,2,0.3333333333333333,False,False,0.6666666666666667,"{""colored_noise_ar"": 2, ""eta_only"": 2, ""full_reciprocal"": 2}"
colored_noise_null,20,980020,0.0,0.5403580465947223,0.6224492218112933,0.33634544560235546,0.8285042406285565,0.1,0.31630247492267977,0.235305546987337,True,False,False,1,0.16666666666666666,False,False,0.8333333333333334,"{""colored_noise_ar"": 4, ""eta_only"": 1, ""full_reciprocal"": 1}"
