source_table,followup_policy,phase,paired_followup_phase,search_window,predictor_name,peak_sec,anchor_sec,anchor_lsl,phase_duration_sec,post_0_30_crosses_phase_boundary,K_local,K_signed,K_local_percentile_by_phase,theta_metric,theta_col,theta_pre_m15_0,theta_post_0_10,theta_post_10_30,theta_post_30_60,delta_theta_0_10_vs_pre,delta_theta_10_30_vs_pre,delta_theta_30_60_vs_pre,n_pre_samples,n_post_0_10_samples,n_post_10_30_samples,n_post_30_60_samples,post_0_10_segments_used,post_10_30_segments_used,post_30_60_segments_used,artifact_pre_m15_0,artifact_post_0_30,artifact_delta_0_30,n_artifact_post_0_30_samples,artifact_post_0_30_segments_used,delta_theta_0_10_vs_pre_percentile_same_phase_cross_boundary_ref,delta_theta_10_30_vs_pre_percentile_same_phase_cross_boundary_ref,delta_theta_30_60_vs_pre_percentile_same_phase_cross_boundary_ref,control_K_local,control_delta_theta_0_10_vs_pre,control_delta_theta_10_30_vs_pre,control_delta_theta_30_60_vs_pre,control_artifact_delta_0_30,control_n_post_0_10_samples,control_n_post_10_30_samples,control_n_post_30_60_samples,override_K_local,override_delta_theta_0_10_vs_pre,override_delta_theta_10_30_vs_pre,override_delta_theta_30_60_vs_pre,override_artifact_delta_0_30,override_n_post_0_10_samples,override_n_post_10_30_samples,override_n_post_30_60_samples,theta0_10_target_minus_control,theta0_10_target_minus_override,theta10_30_target_minus_control,theta10_30_target_minus_override,theta30_60_target_minus_control,theta30_60_target_minus_override,K_target_minus_control,K_target_minus_override,local_k_p95,theta_0_10_p95_positive,theta_10_30_p95_positive,theta_any_p95_positive,condition_specificity_k,condition_specificity_theta_0_10,condition_specificity_theta_10_30,candidate_local_kht_event_lock_cross_boundary,interpretation_cross_boundary,MRED_quadrant_proxy,strict_event_lock_latest
arrival_candidate_local_kht_all_conditions.csv,paired_washout_continuation,TARGET_1,WASHOUT_2,whole_target,primary_gamma_z,109.0,169.0,344358.7891736,313.749571500055,False,0.2961871304116187,-0.2961871304116187,70.9090909090909,theta_plv_primary_z,plv_theta_4_8_primary_content_core_z,-0.0024849062798047,1.1361352295567586,0.472650462976696,-0.2311934605213922,1.1386201358365633,0.4751353692565008,-0.2287085542415875,15,10,20,30,TARGET_1,TARGET_1,TARGET_1,0.3590308695622301,0.458728020040383,0.0996971504781529,30,TARGET_1,94.51553930530164,78.79341864716636,36.74588665447898,0.337062450188078,-0.0088535051817069,0.8407091674154064,0.8012523192650879,-0.1293119008254829,10,20,30,0.2027113097283413,-0.300181358808724,-0.0240274565065343,0.4811092026676912,0.0890937134831165,10,20,30,1.1474736410182702,1.4388014946452872,-0.3655737981589055,0.4991628257630351,-1.0299608735066754,-0.7098177569092787,-0.0408753197764593,0.0934758206832774,False,False,False,False,False,True,False,False,not_locked,MR_LOW_ENC_LOW,False
arrival_candidate_local_kht_all_conditions.csv,paired_washout_continuation,TARGET_1,WASHOUT_2,whole_target,primary_gamma_z,109.0,169.0,344358.7891736,313.749571500055,False,0.2961871304116187,-0.2961871304116187,70.9090909090909,theta_plv_meaning_z,plv_theta_4_8_meaning_candidate_z,0.3051005397331415,1.0918977062997155,0.6549539600263206,-0.0013273671197277,0.786797166566574,0.349853420293179,-0.3064279068528693,15,10,20,30,TARGET_1,TARGET_1,TARGET_1,0.3590308695622301,0.458728020040383,0.0996971504781529,30,TARGET_1,89.57952468007313,69.83546617915904,32.54113345521024,0.337062450188078,0.0218625879434969,0.6224373992326778,0.6884685198934356,-0.1293119008254829,10,20,30,0.2027113097283413,-0.1053294205187178,-0.0466761386929121,0.3102672623982165,0.0890937134831165,10,20,30,0.764934578623077,0.8921265870852918,-0.2725839789394988,0.3965295589860912,-0.994896426746305,-0.6166951692510858,-0.0408753197764593,0.0934758206832774,False,False,False,False,False,True,False,False,not_locked,MR_LOW_ENC_LOW,False
arrival_candidate_local_kht_all_conditions.csv,paired_washout_continuation,TARGET_1,WASHOUT_2,whole_target,primary_gamma_z,109.0,169.0,344358.7891736,313.749571500055,False,0.2961871304116187,-0.2961871304116187,70.9090909090909,theta_power_primary_z,pow_theta_4_8_primary_content_core_z,0.6098876477790895,0.0266309066644994,-0.0285206228737565,-0.012397821150316,-0.5832567411145901,-0.6384082706528461,-0.6222854689294056,15,10,20,30,TARGET_1,TARGET_1,TARGET_1,0.3590308695622301,0.458728020040383,0.0996971504781529,30,TARGET_1,9.323583180987203,7.129798903107861,2.9250457038391224,0.337062450188078,0.0086174849439538,0.3711195671912151,0.7087073715288571,-0.1293119008254829,10,20,30,0.2027113097283413,-0.3365633758811143,-0.3189453290260762,-0.4255820942302075,0.0890937134831165,10,20,30,-0.5918742260585439,-0.2466933652334758,-1.0095278378440613,-0.3194629416267699,-1.3309928404582627,-0.196703374699198,-0.0408753197764593,0.0934758206832774,False,False,False,False,False,False,False,False,not_locked,MR_LOW_ENC_LOW,False
arrival_candidate_local_kht_all_conditions.csv,paired_washout_continuation,TARGET_1,WASHOUT_2,whole_target,primary_gamma_z,109.0,169.0,344358.7891736,313.749571500055,False,0.2961871304116187,-0.2961871304116187,70.9090909090909,theta_power_meaning_z,pow_theta_4_8_meaning_candidate_z,0.673276208611846,0.0797254288738677,0.0641059248514916,-0.0217226243718752,-0.5935507797379783,-0.6091702837603543,-0.6949988329837213,15,10,20,30,TARGET_1,TARGET_1,TARGET_1,0.3590308695622301,0.458728020040383,0.0996971504781529,30,TARGET_1,9.87202925045704,8.226691042047532,2.010968921389397,0.337062450188078,-0.0032696811696681,0.4451772365124871,0.7484309077892402,-0.1293119008254829,10,20,30,0.2027113097283413,-0.4651192441068017,-0.2649671653538189,-0.3401189190712006,0.0890937134831165,10,20,30,-0.5902810985683101,-0.1284315356311766,-1.0543475202728414,-0.3442031184065354,-1.4434297407729615,-0.3548799139125207,-0.0408753197764593,0.0934758206832774,False,False,False,False,False,False,False,False,not_locked,MR_LOW_ENC_LOW,False
arrival_candidate_local_kht_all_conditions.csv,paired_washout_continuation,TARGET_1,WASHOUT_2,whole_target,meaninggamma_score,68.0,91.0,344280.7891736,313.749571500055,False,0.6485945719854674,-0.6485945719854674,94.54545454545456,theta_plv_primary_z,plv_theta_4_8_primary_content_core_z,0.9142116680071872,0.3779012357410656,-0.1953387302049771,-0.3348110125929603,-0.5363104322661215,-1.1095503982121642,-1.2490226806001474,15,10,20,30,TARGET_1,TARGET_1,TARGET_1,0.0186324647442899,0.9048996049040138,0.8862671401597239,30,TARGET_1,15.539305301645337,3.107861060329068,2.1937842778793417,0.1428202261007533,-0.3091108976477147,-0.4504109226936463,-0.5720411838488252,0.1053622739502488,10,20,30,0.8731213283410052,0.9084616193657906,0.0772047670716986,-0.3725975320791355,0.2571091472423455,10,20,30,-0.2271995346184067,-1.444772051631912,-0.6591394755185178,-1.1867551652838628,-0.6769814967513222,-0.8764251485210119,0.5057743458847141,-0.2245267563555377,False,False,False,False,False,False,False,False,not_locked,MR_LOW_ENC_LOW,False
arrival_candidate_local_kht_all_conditions.csv,paired_washout_continuation,TARGET_1,WASHOUT_2,whole_target,meaninggamma_score,68.0,91.0,344280.7891736,313.749571500055,False,0.6485945719854674,-0.6485945719854674,94.54545454545456,theta_plv_meaning_z,plv_theta_4_8_meaning_candidate_z,0.7766904179921997,0.4493632140456687,-0.0085084074580841,-0.1664821616590656,-0.327327203946531,-0.7851988254502839,-0.9431725796512654,15,10,20,30,TARGET_1,TARGET_1,TARGET_1,0.0186324647442899,0.9048996049040138,0.8862671401597239,30,TARGET_1,31.26142595978062,8.226691042047532,7.495429616087751,0.1428202261007533,-0.1982193863816269,-0.1884779907034331,-0.2005619664989338,0.1053622739502488,10,20,30,0.8731213283410052,0.3986548440052556,-0.092012351441809,-0.3776478201174577,0.2571091472423455,10,20,30,-0.1291078175649041,-0.7259820479517867,-0.5967208347468507,-0.6931864740084748,-0.7426106131523317,-0.5655247595338078,0.5057743458847141,-0.2245267563555377,False,False,False,False,False,False,False,False,not_locked,MR_LOW_ENC_LOW,False
arrival_candidate_local_kht_all_conditions.csv,paired_washout_continuation,TARGET_1,WASHOUT_2,whole_target,meaninggamma_score,68.0,91.0,344280.7891736,313.749571500055,False,0.6485945719854674,-0.6485945719854674,94.54545454545456,theta_power_primary_z,pow_theta_4_8_primary_content_core_z,0.2291694630753697,0.4862377097688208,0.4999501135331222,0.0063258838083423,0.2570682466934511,0.2707806504577525,-0.2228435792670273,15,10,20,30,TARGET_1,TARGET_1,TARGET_1,0.0186324647442899,0.9048996049040138,0.8862671401597239,30,TARGET_1,69.6526508226691,69.10420475319927,24.49725776965265,0.1428202261007533,0.5152510325984778,0.177708826545253,0.3626209022292975,0.1053622739502488,10,20,30,0.8731213283410052,0.4426841516505738,-0.2197679964098836,-0.4187528550056766,0.2571091472423455,10,20,30,-0.2581827859050267,-0.1856159049571227,0.0930718239124995,0.4905486468676362,-0.5854644814963248,0.1959092757386492,0.5057743458847141,-0.2245267563555377,False,False,False,False,False,False,True,False,not_locked,MR_LOW_ENC_LOW,False
arrival_candidate_local_kht_all_conditions.csv,paired_washout_continuation,TARGET_1,WASHOUT_2,whole_target,meaninggamma_score,68.0,91.0,344280.7891736,313.749571500055,False,0.6485945719854674,-0.6485945719854674,94.54545454545456,theta_power_meaning_z,pow_theta_4_8_meaning_candidate_z,0.3143035856375577,0.5562518532877977,0.3424244672550586,-0.0556041413578641,0.2419482676502399,0.0281208816175008,-0.3699077269954219,15,10,20,30,TARGET_1,TARGET_1,TARGET_1,0.0186324647442899,0.9048996049040138,0.8862671401597239,30,TARGET_1,70.018281535649,45.703839122486286,15.356489945155394,0.1428202261007533,0.5789045928112572,0.0826273374996703,0.2749860901859567,0.1053622739502488,10,20,30,0.8731213283410052,0.6718409374939375,-0.1088919111740029,-0.2756489638665836,0.2571091472423455,10,20,30,-0.3369563251610172,-0.4298926698436975,-0.0545064558821694,0.1370127927915038,-0.6448938171813786,-0.0942587631288382,0.5057743458847141,-0.2245267563555377,False,False,False,False,False,False,False,False,not_locked,MR_LOW_ENC_LOW,False
arrival_candidate_local_kht_all_conditions.csv,paired_washout_continuation,TARGET_1,WASHOUT_2,whole_target,temporal_semantic_proxy_score,69.0,86.0,344275.7891736,313.749571500055,False,0.52197352460545,-0.52197352460545,92.72727272727272,theta_plv_primary_z,plv_theta_4_8_primary_content_core_z,0.4183994214409108,0.1270720828731191,0.1561542481019837,-0.3918681377314244,-0.2913273385677916,-0.262245173338927,-0.8102675591723352,15,10,20,30,TARGET_1,TARGET_1,TARGET_1,-0.1693903290189609,0.7668936850788405,0.9362840140978014,30,TARGET_1,32.90676416819013,35.10054844606947,16.819012797074954,0.2191281023476347,-0.0912878104149975,-0.2170963697599404,-0.7679685256932948,0.0160159955375271,10,20,30,0.4697708758765947,0.5304586142986282,0.4002643731908974,-0.3382400843599293,0.2178140979570628,10,20,30,-0.2000395281527941,-0.8217859528664198,-0.0451488035789865,-0.6625095465298245,-0.0422990334790404,-0.4720274748124058,0.3028454222578153,0.0522026487288552,False,False,False,False,True,False,False,False,not_locked,MR_LOW_ENC_LOW,False
arrival_candidate_local_kht_all_conditions.csv,paired_washout_continuation,TARGET_1,WASHOUT_2,whole_target,temporal_semantic_proxy_score,69.0,86.0,344275.7891736,313.749571500055,False,0.52197352460545,-0.52197352460545,92.72727272727272,theta_plv_meaning_z,plv_theta_4_8_meaning_candidate_z,0.4433462883075469,0.3284334417245474,0.2733657946284583,-0.246658807505684,-0.1149128465829995,-0.1699804936790886,-0.690005095813231,15,10,20,30,TARGET_1,TARGET_1,TARGET_1,-0.1693903290189609,0.7668936850788405,0.9362840140978014,30,TARGET_1,45.52102376599635,37.47714808043875,18.28153564899452,0.2191281023476347,-0.0048414852803484,-0.0135144145782861,-0.3408475696787401,0.0160159955375271,10,20,30,0.4697708758765947,-0.3917636926581077,-0.0830113857292904,-0.5537619264787685,0.2178140979570628,10,20,30,-0.110071361302651,0.2768508460751082,-0.1564660791008025,-0.0869691079497982,-0.3491575261344909,-0.1362431693344624,0.3028454222578153,0.0522026487288552,False,False,False,False,True,False,False,False,not_locked,MR_LOW_ENC_LOW,False
arrival_candidate_local_kht_all_conditions.csv,paired_washout_continuation,TARGET_1,WASHOUT_2,whole_target,temporal_semantic_proxy_score,69.0,86.0,344275.7891736,313.749571500055,False,0.52197352460545,-0.52197352460545,92.72727272727272,theta_power_primary_z,pow_theta_4_8_primary_content_core_z,0.0100388331320665,0.356358092897735,0.5274943681863193,-0.0598384679294125,0.3463192597656684,0.5174555350542528,-0.0698773010614791,15,10,20,30,TARGET_1,TARGET_1,TARGET_1,-0.1693903290189609,0.7668936850788405,0.9362840140978014,30,TARGET_1,76.59963436928702,87.56855575868373,36.38025594149909,0.2191281023476347,0.2915069554068297,0.1414470410196746,0.2354850758738624,0.0160159955375271,10,20,30,0.4697708758765947,-0.0300375620224626,0.0089207548671742,-0.4503517304855299,0.2178140979570628,10,20,30,0.0548123043588387,0.376356821788131,0.3760084940345781,0.5085347801870785,-0.3053623769353416,0.3804744294240508,0.3028454222578153,0.0522026487288552,False,False,False,False,True,True,True,False,not_locked,MR_LOW_ENC_HIGH,False
arrival_candidate_local_kht_all_conditions.csv,paired_washout_continuation,TARGET_1,WASHOUT_2,whole_target,temporal_semantic_proxy_score,69.0,86.0,344275.7891736,313.749571500055,False,0.52197352460545,-0.52197352460545,92.72727272727272,theta_power_meaning_z,pow_theta_4_8_meaning_candidate_z,0.0193598923021888,0.404525859636396,0.4586603309789075,-0.1837279383270055,0.3851659673342071,0.4393004386767187,-0.2030878306291944,15,10,20,30,TARGET_1,TARGET_1,TARGET_1,-0.1693903290189609,0.7668936850788405,0.9362840140978014,30,TARGET_1,81.17001828153565,83.18098720292505,26.691042047531997,0.2191281023476347,0.2958819170360557,0.0227085788917993,0.1456258873111707,0.0160159955375271,10,20,30,0.4697708758765947,0.2049456642339786,0.1994750138391737,-0.3422515134380931,0.2178140979570628,10,20,30,0.0892840502981514,0.1802203031002285,0.4165918597849193,0.239825424837545,-0.3487137179403651,0.1391636828088987,0.3028454222578153,0.0522026487288552,False,False,False,False,True,True,True,False,not_locked,MR_LOW_ENC_LOW,False
arrival_candidate_local_kht_all_conditions.csv,paired_washout_continuation,TARGET_1,WASHOUT_2,whole_target,posterior_temporal_power_z,108.0,297.0,344486.7891736,313.749571500055,True,0.0977554945463295,-0.0977554945463295,14.545454545454543,theta_plv_primary_z,plv_theta_4_8_primary_content_core_z,0.6935484108750015,0.8388644885112901,-0.1087651444822428,-0.1682376907965022,0.1453160776362886,-0.8023135553572445,-0.8617861016715037,15,10,12,30,TARGET_1,"TARGET_1,WASHOUT_2",WASHOUT_2,0.6344012923084761,0.5612576244102586,-0.0731436678982174,22,"TARGET_1,WASHOUT_2",70.56672760511883,10.968921389396709,15.173674588665447,0.6174138003941652,-0.6326990505394563,0.525518490537159,0.5814808686305378,0.2166683273206833,10,12,30,0.3372965921478249,0.7806725169256714,-0.0070746442845672,0.6683867760938899,-0.2652384004392782,10,4,15,0.7780151281757449,-0.6353564392893828,-1.3278320458944035,-0.7952389110726772,-1.4432669703020415,-1.5301728777653936,-0.5196583058478357,-0.2395410976014954,False,False,False,False,False,False,False,False,not_locked,MR_LOW_ENC_LOW,False
arrival_candidate_local_kht_all_conditions.csv,paired_washout_continuation,TARGET_1,WASHOUT_2,whole_target,posterior_temporal_power_z,108.0,297.0,344486.7891736,313.749571500055,True,0.0977554945463295,-0.0977554945463295,14.545454545454543,theta_plv_meaning_z,plv_theta_4_8_meaning_candidate_z,0.8218746757949444,0.9769787088934464,-0.0731254748213172,-0.1174209088800391,0.1551040330985019,-0.8950001506162617,-0.9392955846749836,15,10,12,30,TARGET_1,"TARGET_1,WASHOUT_2",WASHOUT_2,0.6344012923084761,0.5612576244102586,-0.0731436678982174,22,"TARGET_1,WASHOUT_2",66.17915904936015,4.387568555758683,8.043875685557587,0.6174138003941652,-0.3857447750299245,0.6294382418964897,0.7365062489982559,0.2166683273206833,10,12,30,0.3372965921478249,0.6873609873893487,0.059892793544257,0.3778260787062669,-0.2652384004392782,10,4,15,0.5408488081284265,-0.5322569542908467,-1.5244383925127514,-0.9548929441605188,-1.6758018336732396,-1.3171216633812506,-0.5196583058478357,-0.2395410976014954,False,False,False,False,False,False,False,False,not_locked,MR_LOW_ENC_LOW,False
arrival_candidate_local_kht_all_conditions.csv,paired_washout_continuation,TARGET_1,WASHOUT_2,whole_target,posterior_temporal_power_z,108.0,297.0,344486.7891736,313.749571500055,True,0.0977554945463295,-0.0977554945463295,14.545454545454543,theta_power_primary_z,pow_theta_4_8_primary_content_core_z,0.3386182058234173,0.0905756895506119,0.0877649066709839,-0.0169542441538843,-0.2480425162728053,-0.2508532991524334,-0.3555724499773016,15,10,12,30,TARGET_1,"TARGET_1,WASHOUT_2",WASHOUT_2,0.6344012923084761,0.5612576244102586,-0.0731436678982174,22,"TARGET_1,WASHOUT_2",28.51919561243144,25.045703839122485,17.73308957952468,0.6174138003941652,-0.8467334172053055,-1.098660250780356,-1.1187265135737146,0.2166683273206833,10,12,30,0.3372965921478249,0.0810195091914205,0.0248236967911054,0.5938640467010163,-0.2652384004392782,10,4,15,0.5986909009325001,-0.3290620254642258,0.8478069516279226,-0.2756769959435388,0.7631540635964129,-0.949436496678318,-0.5196583058478357,-0.2395410976014954,False,False,False,False,False,False,False,False,not_locked,MR_LOW_ENC_LOW,False
arrival_candidate_local_kht_all_conditions.csv,paired_washout_continuation,TARGET_1,WASHOUT_2,whole_target,posterior_temporal_power_z,108.0,297.0,344486.7891736,313.749571500055,True,0.0977554945463295,-0.0977554945463295,14.545454545454543,theta_power_meaning_z,pow_theta_4_8_meaning_candidate_z,0.1745892461294118,0.2593792035596033,0.0122790534330936,0.0663846159805237,0.0847899574301914,-0.1623101926963181,-0.108204630148888,15,10,12,30,TARGET_1,"TARGET_1,WASHOUT_2",WASHOUT_2,0.6344012923084761,0.5612576244102586,-0.0731436678982174,22,"TARGET_1,WASHOUT_2",52.28519195612431,34.18647166361974,31.992687385740403,0.6174138003941652,-0.9849105857327124,-0.9974890341901286,-1.1650357989106848,0.2166683273206833,10,12,30,0.3372965921478249,0.0929357317161209,0.1138979555960658,0.5450841203376784,-0.2652384004392782,10,4,15,1.069700543162904,-0.0081457742859294,0.8351788414938104,-0.276208148292384,1.0568311687617966,-0.6532887504865665,-0.5196583058478357,-0.2395410976014954,False,False,False,False,False,False,False,False,not_locked,MR_LOW_ENC_LOW,False
arrival_candidate_local_kht_all_conditions.csv,paired_washout_continuation,TARGET_1,WASHOUT_2,first_half,primary_gamma_z,109.0,156.0,344345.7891736,313.749571500055,False,0.1324318651704544,0.1324318651704544,27.27272727272727,theta_plv_primary_z,plv_theta_4_8_primary_content_core_z,-0.3566055427526229,0.1070366824258179,1.027746957630535,0.0302991397349455,0.4636422251784409,1.3843525003831578,0.3869046824875685,15,10,20,30,TARGET_1,TARGET_1,TARGET_1,1.4570379642051556,0.3563067893278921,-1.1007311748772637,30,TARGET_1,82.81535648994516,100.0,76.05118829981718,0.6806018173965082,-0.1289969787331846,-0.0465245699625368,0.684542369293275,-0.3180975614712311,10,20,30,0.3080999540152634,-0.4114281831035507,-0.3282362778272057,-0.1959068108257151,-0.1875497974703311,10,20,30,0.5926392039116255,0.8750704082819917,1.4308770703456948,1.7125887782103637,-0.2976376868057065,0.5828114933132837,-0.5481699522260537,-0.175668088844809,False,False,True,True,False,True,True,False,theta_handoff_without_local_K,MR_LOW_ENC_HIGH,False
arrival_candidate_local_kht_all_conditions.csv,paired_washout_continuation,TARGET_1,WASHOUT_2,first_half,primary_gamma_z,109.0,156.0,344345.7891736,313.749571500055,False,0.1324318651704544,0.1324318651704544,27.27272727272727,theta_plv_meaning_z,plv_theta_4_8_meaning_candidate_z,-0.0150982850808967,0.3711569935393138,0.98392533471689,0.259548586195539,0.3862552786202106,0.999023619797787,0.2746468712764358,15,10,20,30,TARGET_1,TARGET_1,TARGET_1,1.4570379642051556,0.3563067893278921,-1.1007311748772637,30,TARGET_1,79.3418647166362,97.07495429616088,64.71663619744058,0.6806018173965082,-0.0600841320087044,-0.1240758188729563,0.4756001495798527,-0.3180975614712311,10,20,30,0.3080999540152634,0.0299931166376647,0.357993569832982,0.0725323215660766,-0.1875497974703311,10,20,30,0.446339410628915,0.3562621619825458,1.1230994386707434,0.641030049964805,-0.2009532783034169,0.2021145497103591,-0.5481699522260537,-0.175668088844809,False,False,True,True,False,True,True,False,theta_handoff_without_local_K,MR_LOW_ENC_HIGH,False
arrival_candidate_local_kht_all_conditions.csv,paired_washout_continuation,TARGET_1,WASHOUT_2,first_half,primary_gamma_z,109.0,156.0,344345.7891736,313.749571500055,False,0.1324318651704544,0.1324318651704544,27.27272727272727,theta_power_primary_z,pow_theta_4_8_primary_content_core_z,0.3849060804712099,0.5690475310587584,0.1400446556167375,0.1155480013490873,0.1841414505875485,-0.2448614248544723,-0.2693580791221225,15,10,20,30,TARGET_1,TARGET_1,TARGET_1,1.4570379642051556,0.3563067893278921,-1.1007311748772637,30,TARGET_1,64.3510054844607,25.411334552102375,21.755027422303478,0.6806018173965082,-0.4066986196430598,-0.1681280728012012,-0.2863920277222039,-0.3180975614712311,10,20,30,0.3080999540152634,-0.3845957521119572,-0.3434032016291191,-0.3107128009469463,-0.1875497974703311,10,20,30,0.5908400702306084,0.5687372026995057,-0.0767333520532711,0.0985417767746467,0.0170339486000814,0.0413547218248238,-0.5481699522260537,-0.175668088844809,False,False,False,False,False,True,False,False,not_locked,MR_LOW_ENC_LOW,False
arrival_candidate_local_kht_all_conditions.csv,paired_washout_continuation,TARGET_1,WASHOUT_2,first_half,primary_gamma_z,109.0,156.0,344345.7891736,313.749571500055,False,0.1324318651704544,0.1324318651704544,27.27272727272727,theta_power_meaning_z,pow_theta_4_8_meaning_candidate_z,0.4021610135236365,0.6187175657524249,0.2483498088859668,0.1349869445954899,0.2165565522287883,-0.1538112046376696,-0.2671740689281465,15,10,20,30,TARGET_1,TARGET_1,TARGET_1,1.4570379642051556,0.3563067893278921,-1.1007311748772637,30,TARGET_1,66.54478976234005,34.73491773308958,22.851919561243143,0.6806018173965082,-0.2835451469825085,-0.035101825930089,-0.1678091520628505,-0.3180975614712311,10,20,30,0.3080999540152634,-0.4116424336866183,-0.5321556823660796,-0.3770314820213153,-0.1875497974703311,10,20,30,0.5001016992112968,0.6281989859154067,-0.1187093787075806,0.3783444777284099,-0.099364916865296,0.1098574130931687,-0.5481699522260537,-0.175668088844809,False,False,False,False,False,True,False,False,not_locked,MR_LOW_ENC_LOW,False
arrival_candidate_local_kht_all_conditions.csv,paired_washout_continuation,TARGET_1,WASHOUT_2,first_half,meaninggamma_score,68.0,91.0,344280.7891736,313.749571500055,False,0.6485945719854674,-0.6485945719854674,94.54545454545456,theta_plv_primary_z,plv_theta_4_8_primary_content_core_z,0.9142116680071872,0.3779012357410656,-0.1953387302049771,-0.3348110125929603,-0.5363104322661215,-1.1095503982121642,-1.2490226806001474,15,10,20,30,TARGET_1,TARGET_1,TARGET_1,0.0186324647442899,0.9048996049040138,0.8862671401597239,30,TARGET_1,15.539305301645337,3.107861060329068,2.1937842778793417,0.1428202261007533,-0.3091108976477147,-0.4504109226936463,-0.5720411838488252,0.1053622739502488,10,20,30,0.8731213283410052,0.9084616193657906,0.0772047670716986,-0.3725975320791355,0.2571091472423455,10,20,30,-0.2271995346184067,-1.444772051631912,-0.6591394755185178,-1.1867551652838628,-0.6769814967513222,-0.8764251485210119,0.5057743458847141,-0.2245267563555377,False,False,False,False,False,False,False,False,not_locked,MR_LOW_ENC_LOW,False
arrival_candidate_local_kht_all_conditions.csv,paired_washout_continuation,TARGET_1,WASHOUT_2,first_half,meaninggamma_score,68.0,91.0,344280.7891736,313.749571500055,False,0.6485945719854674,-0.6485945719854674,94.54545454545456,theta_plv_meaning_z,plv_theta_4_8_meaning_candidate_z,0.7766904179921997,0.4493632140456687,-0.0085084074580841,-0.1664821616590656,-0.327327203946531,-0.7851988254502839,-0.9431725796512654,15,10,20,30,TARGET_1,TARGET_1,TARGET_1,0.0186324647442899,0.9048996049040138,0.8862671401597239,30,TARGET_1,31.26142595978062,8.226691042047532,7.495429616087751,0.1428202261007533,-0.1982193863816269,-0.1884779907034331,-0.2005619664989338,0.1053622739502488,10,20,30,0.8731213283410052,0.3986548440052556,-0.092012351441809,-0.3776478201174577,0.2571091472423455,10,20,30,-0.1291078175649041,-0.7259820479517867,-0.5967208347468507,-0.6931864740084748,-0.7426106131523317,-0.5655247595338078,0.5057743458847141,-0.2245267563555377,False,False,False,False,False,False,False,False,not_locked,MR_LOW_ENC_LOW,False
arrival_candidate_local_kht_all_conditions.csv,paired_washout_continuation,TARGET_1,WASHOUT_2,first_half,meaninggamma_score,68.0,91.0,344280.7891736,313.749571500055,False,0.6485945719854674,-0.6485945719854674,94.54545454545456,theta_power_primary_z,pow_theta_4_8_primary_content_core_z,0.2291694630753697,0.4862377097688208,0.4999501135331222,0.0063258838083423,0.2570682466934511,0.2707806504577525,-0.2228435792670273,15,10,20,30,TARGET_1,TARGET_1,TARGET_1,0.0186324647442899,0.9048996049040138,0.8862671401597239,30,TARGET_1,69.6526508226691,69.10420475319927,24.49725776965265,0.1428202261007533,0.5152510325984778,0.177708826545253,0.3626209022292975,0.1053622739502488,10,20,30,0.8731213283410052,0.4426841516505738,-0.2197679964098836,-0.4187528550056766,0.2571091472423455,10,20,30,-0.2581827859050267,-0.1856159049571227,0.0930718239124995,0.4905486468676362,-0.5854644814963248,0.1959092757386492,0.5057743458847141,-0.2245267563555377,False,False,False,False,False,False,True,False,not_locked,MR_LOW_ENC_LOW,False
arrival_candidate_local_kht_all_conditions.csv,paired_washout_continuation,TARGET_1,WASHOUT_2,first_half,meaninggamma_score,68.0,91.0,344280.7891736,313.749571500055,False,0.6485945719854674,-0.6485945719854674,94.54545454545456,theta_power_meaning_z,pow_theta_4_8_meaning_candidate_z,0.3143035856375577,0.5562518532877977,0.3424244672550586,-0.0556041413578641,0.2419482676502399,0.0281208816175008,-0.3699077269954219,15,10,20,30,TARGET_1,TARGET_1,TARGET_1,0.0186324647442899,0.9048996049040138,0.8862671401597239,30,TARGET_1,70.018281535649,45.703839122486286,15.356489945155394,0.1428202261007533,0.5789045928112572,0.0826273374996703,0.2749860901859567,0.1053622739502488,10,20,30,0.8731213283410052,0.6718409374939375,-0.1088919111740029,-0.2756489638665836,0.2571091472423455,10,20,30,-0.3369563251610172,-0.4298926698436975,-0.0545064558821694,0.1370127927915038,-0.6448938171813786,-0.0942587631288382,0.5057743458847141,-0.2245267563555377,False,False,False,False,False,False,False,False,not_locked,MR_LOW_ENC_LOW,False
arrival_candidate_local_kht_all_conditions.csv,paired_washout_continuation,TARGET_1,WASHOUT_2,first_half,temporal_semantic_proxy_score,69.0,86.0,344275.7891736,313.749571500055,False,0.52197352460545,-0.52197352460545,92.72727272727272,theta_plv_primary_z,plv_theta_4_8_primary_content_core_z,0.4183994214409108,0.1270720828731191,0.1561542481019837,-0.3918681377314244,-0.2913273385677916,-0.262245173338927,-0.8102675591723352,15,10,20,30,TARGET_1,TARGET_1,TARGET_1,-0.1693903290189609,0.7668936850788405,0.9362840140978014,30,TARGET_1,32.90676416819013,35.10054844606947,16.819012797074954,0.2191281023476347,-0.0912878104149975,-0.2170963697599404,-0.7679685256932948,0.0160159955375271,10,20,30,0.4697708758765947,0.5304586142986282,0.4002643731908974,-0.3382400843599293,0.2178140979570628,10,20,30,-0.2000395281527941,-0.8217859528664198,-0.0451488035789865,-0.6625095465298245,-0.0422990334790404,-0.4720274748124058,0.3028454222578153,0.0522026487288552,False,False,False,False,True,False,False,False,not_locked,MR_LOW_ENC_LOW,False
arrival_candidate_local_kht_all_conditions.csv,paired_washout_continuation,TARGET_1,WASHOUT_2,first_half,temporal_semantic_proxy_score,69.0,86.0,344275.7891736,313.749571500055,False,0.52197352460545,-0.52197352460545,92.72727272727272,theta_plv_meaning_z,plv_theta_4_8_meaning_candidate_z,0.4433462883075469,0.3284334417245474,0.2733657946284583,-0.246658807505684,-0.1149128465829995,-0.1699804936790886,-0.690005095813231,15,10,20,30,TARGET_1,TARGET_1,TARGET_1,-0.1693903290189609,0.7668936850788405,0.9362840140978014,30,TARGET_1,45.52102376599635,37.47714808043875,18.28153564899452,0.2191281023476347,-0.0048414852803484,-0.0135144145782861,-0.3408475696787401,0.0160159955375271,10,20,30,0.4697708758765947,-0.3917636926581077,-0.0830113857292904,-0.5537619264787685,0.2178140979570628,10,20,30,-0.110071361302651,0.2768508460751082,-0.1564660791008025,-0.0869691079497982,-0.3491575261344909,-0.1362431693344624,0.3028454222578153,0.0522026487288552,False,False,False,False,True,False,False,False,not_locked,MR_LOW_ENC_LOW,False
arrival_candidate_local_kht_all_conditions.csv,paired_washout_continuation,TARGET_1,WASHOUT_2,first_half,temporal_semantic_proxy_score,69.0,86.0,344275.7891736,313.749571500055,False,0.52197352460545,-0.52197352460545,92.72727272727272,theta_power_primary_z,pow_theta_4_8_primary_content_core_z,0.0100388331320665,0.356358092897735,0.5274943681863193,-0.0598384679294125,0.3463192597656684,0.5174555350542528,-0.0698773010614791,15,10,20,30,TARGET_1,TARGET_1,TARGET_1,-0.1693903290189609,0.7668936850788405,0.9362840140978014,30,TARGET_1,76.59963436928702,87.56855575868373,36.38025594149909,0.2191281023476347,0.2915069554068297,0.1414470410196746,0.2354850758738624,0.0160159955375271,10,20,30,0.4697708758765947,-0.0300375620224626,0.0089207548671742,-0.4503517304855299,0.2178140979570628,10,20,30,0.0548123043588387,0.376356821788131,0.3760084940345781,0.5085347801870785,-0.3053623769353416,0.3804744294240508,0.3028454222578153,0.0522026487288552,False,False,False,False,True,True,True,False,not_locked,MR_LOW_ENC_HIGH,False
arrival_candidate_local_kht_all_conditions.csv,paired_washout_continuation,TARGET_1,WASHOUT_2,first_half,temporal_semantic_proxy_score,69.0,86.0,344275.7891736,313.749571500055,False,0.52197352460545,-0.52197352460545,92.72727272727272,theta_power_meaning_z,pow_theta_4_8_meaning_candidate_z,0.0193598923021888,0.404525859636396,0.4586603309789075,-0.1837279383270055,0.3851659673342071,0.4393004386767187,-0.2030878306291944,15,10,20,30,TARGET_1,TARGET_1,TARGET_1,-0.1693903290189609,0.7668936850788405,0.9362840140978014,30,TARGET_1,81.17001828153565,83.18098720292505,26.691042047531997,0.2191281023476347,0.2958819170360557,0.0227085788917993,0.1456258873111707,0.0160159955375271,10,20,30,0.4697708758765947,0.2049456642339786,0.1994750138391737,-0.3422515134380931,0.2178140979570628,10,20,30,0.0892840502981514,0.1802203031002285,0.4165918597849193,0.239825424837545,-0.3487137179403651,0.1391636828088987,0.3028454222578153,0.0522026487288552,False,False,False,False,True,True,True,False,not_locked,MR_LOW_ENC_LOW,False
arrival_candidate_local_kht_all_conditions.csv,paired_washout_continuation,TARGET_1,WASHOUT_2,first_half,posterior_temporal_power_z,108.0,156.0,344345.7891736,313.749571500055,False,0.1324318651704544,0.1324318651704544,27.27272727272727,theta_plv_primary_z,plv_theta_4_8_primary_content_core_z,-0.3566055427526229,0.1070366824258179,1.027746957630535,0.0302991397349455,0.4636422251784409,1.3843525003831578,0.3869046824875685,15,10,20,30,TARGET_1,TARGET_1,TARGET_1,1.4570379642051556,0.3563067893278921,-1.1007311748772637,30,TARGET_1,82.81535648994516,100.0,76.05118829981718,0.6806018173965082,-0.1289969787331846,-0.0465245699625368,0.684542369293275,-0.3180975614712311,10,20,30,0.3080999540152634,-0.4114281831035507,-0.3282362778272057,-0.1959068108257151,-0.1875497974703311,10,20,30,0.5926392039116255,0.8750704082819917,1.4308770703456948,1.7125887782103637,-0.2976376868057065,0.5828114933132837,-0.5481699522260537,-0.175668088844809,False,False,True,True,False,True,True,False,theta_handoff_without_local_K,MR_LOW_ENC_HIGH,False
arrival_candidate_local_kht_all_conditions.csv,paired_washout_continuation,TARGET_1,WASHOUT_2,first_half,posterior_temporal_power_z,108.0,156.0,344345.7891736,313.749571500055,False,0.1324318651704544,0.1324318651704544,27.27272727272727,theta_plv_meaning_z,plv_theta_4_8_meaning_candidate_z,-0.0150982850808967,0.3711569935393138,0.98392533471689,0.259548586195539,0.3862552786202106,0.999023619797787,0.2746468712764358,15,10,20,30,TARGET_1,TARGET_1,TARGET_1,1.4570379642051556,0.3563067893278921,-1.1007311748772637,30,TARGET_1,79.3418647166362,97.07495429616088,64.71663619744058,0.6806018173965082,-0.0600841320087044,-0.1240758188729563,0.4756001495798527,-0.3180975614712311,10,20,30,0.3080999540152634,0.0299931166376647,0.357993569832982,0.0725323215660766,-0.1875497974703311,10,20,30,0.446339410628915,0.3562621619825458,1.1230994386707434,0.641030049964805,-0.2009532783034169,0.2021145497103591,-0.5481699522260537,-0.175668088844809,False,False,True,True,False,True,True,False,theta_handoff_without_local_K,MR_LOW_ENC_HIGH,False
arrival_candidate_local_kht_all_conditions.csv,paired_washout_continuation,TARGET_1,WASHOUT_2,first_half,posterior_temporal_power_z,108.0,156.0,344345.7891736,313.749571500055,False,0.1324318651704544,0.1324318651704544,27.27272727272727,theta_power_primary_z,pow_theta_4_8_primary_content_core_z,0.3849060804712099,0.5690475310587584,0.1400446556167375,0.1155480013490873,0.1841414505875485,-0.2448614248544723,-0.2693580791221225,15,10,20,30,TARGET_1,TARGET_1,TARGET_1,1.4570379642051556,0.3563067893278921,-1.1007311748772637,30,TARGET_1,64.3510054844607,25.411334552102375,21.755027422303478,0.6806018173965082,-0.4066986196430598,-0.1681280728012012,-0.2863920277222039,-0.3180975614712311,10,20,30,0.3080999540152634,-0.3845957521119572,-0.3434032016291191,-0.3107128009469463,-0.1875497974703311,10,20,30,0.5908400702306084,0.5687372026995057,-0.0767333520532711,0.0985417767746467,0.0170339486000814,0.0413547218248238,-0.5481699522260537,-0.175668088844809,False,False,False,False,False,True,False,False,not_locked,MR_LOW_ENC_LOW,False
arrival_candidate_local_kht_all_conditions.csv,paired_washout_continuation,TARGET_1,WASHOUT_2,first_half,posterior_temporal_power_z,108.0,156.0,344345.7891736,313.749571500055,False,0.1324318651704544,0.1324318651704544,27.27272727272727,theta_power_meaning_z,pow_theta_4_8_meaning_candidate_z,0.4021610135236365,0.6187175657524249,0.2483498088859668,0.1349869445954899,0.2165565522287883,-0.1538112046376696,-0.2671740689281465,15,10,20,30,TARGET_1,TARGET_1,TARGET_1,1.4570379642051556,0.3563067893278921,-1.1007311748772637,30,TARGET_1,66.54478976234005,34.73491773308958,22.851919561243143,0.6806018173965082,-0.2835451469825085,-0.035101825930089,-0.1678091520628505,-0.3180975614712311,10,20,30,0.3080999540152634,-0.4116424336866183,-0.5321556823660796,-0.3770314820213153,-0.1875497974703311,10,20,30,0.5001016992112968,0.6281989859154067,-0.1187093787075806,0.3783444777284099,-0.099364916865296,0.1098574130931687,-0.5481699522260537,-0.175668088844809,False,False,False,False,False,True,False,False,not_locked,MR_LOW_ENC_LOW,False
arrival_candidate_local_kht_all_conditions.csv,paired_washout_continuation,TARGET_1,WASHOUT_2,second_half,primary_gamma_z,310.0,310.0,344499.7891736,313.749571500055,True,2.2733323000410963,-2.2733323000410963,100.0,theta_plv_primary_z,plv_theta_4_8_primary_content_core_z,0.7161522607512784,-0.6374272598661862,-0.1148968465109734,0.0920404429774717,-1.3535795206174646,-0.8310491072622518,-0.6241118177738066,15,2,20,30,"TARGET_1,WASHOUT_2",WASHOUT_2,WASHOUT_2,0.3141076373451031,0.7251740246859337,0.4110663873408306,22,"TARGET_1,WASHOUT_2",0.5484460694698354,10.968921389396709,24.13162705667276,1.3962234246065504,0.6680967979010207,1.2467602541204932,0.5529408875823973,-0.9496160259804368,2,20,30,0.0770061335495518,1.28765701192816,,-0.0031577981035459,-0.3789839082517376,1,0,28,-2.021676318518485,-2.6412365325456246,-2.077809361382745,,-1.177052705356204,-0.6209540196702608,0.877108875434546,2.196326166491545,True,False,False,False,True,False,False,False,local_K_without_theta_handoff,MR_HIGH_ENC_LOW,False
arrival_candidate_local_kht_all_conditions.csv,paired_washout_continuation,TARGET_1,WASHOUT_2,second_half,primary_gamma_z,310.0,310.0,344499.7891736,313.749571500055,True,2.2733323000410963,-2.2733323000410963,100.0,theta_plv_meaning_z,plv_theta_4_8_meaning_candidate_z,0.6857294589646775,-0.0764423678515025,-0.0533003268001972,0.1863690693902632,-0.76217182681618,-0.7390297857648748,-0.4993603895744143,15,2,20,30,"TARGET_1,WASHOUT_2",WASHOUT_2,WASHOUT_2,0.3141076373451031,0.7251740246859337,0.4110663873408306,22,"TARGET_1,WASHOUT_2",8.775137111517367,9.689213893967093,27.056672760511884,1.3962234246065504,0.4486005666642931,1.137451716623851,0.4178359024433737,-0.9496160259804368,2,20,30,0.0770061335495518,0.968818949566344,,-0.4261357415924522,-0.3789839082517376,1,0,28,-1.210772393480473,-1.730990776382524,-1.8764815023887256,,-0.917196292017788,-0.073224647981962,0.877108875434546,2.196326166491545,True,False,False,False,True,False,False,False,local_K_without_theta_handoff,MR_HIGH_ENC_LOW,False
arrival_candidate_local_kht_all_conditions.csv,paired_washout_continuation,TARGET_1,WASHOUT_2,second_half,primary_gamma_z,310.0,310.0,344499.7891736,313.749571500055,True,2.2733323000410963,-2.2733323000410963,100.0,theta_power_primary_z,pow_theta_4_8_primary_content_core_z,0.403455419727131,-0.1469875049759701,-0.1548480954801339,-0.0422882865757748,-0.5504429247031011,-0.558303515207265,-0.4457437063029059,15,2,20,30,"TARGET_1,WASHOUT_2",WASHOUT_2,WASHOUT_2,0.3141076373451031,0.7251740246859337,0.4110663873408306,22,"TARGET_1,WASHOUT_2",10.786106032906764,10.420475319926874,10.054844606946984,1.3962234246065504,0.1557751082176846,-0.4128855946429911,0.1739941532717663,-0.9496160259804368,2,20,30,0.0770061335495518,0.5406043577246918,,0.359821383042982,-0.3789839082517376,1,0,28,-0.7062180329207857,-1.0910472824277928,-0.1454179205642738,,-0.6197378595746722,-0.8055650893458879,0.877108875434546,2.196326166491545,True,False,False,False,True,False,False,False,local_K_without_theta_handoff,MR_HIGH_ENC_LOW,False
arrival_candidate_local_kht_all_conditions.csv,paired_washout_continuation,TARGET_1,WASHOUT_2,second_half,primary_gamma_z,310.0,310.0,344499.7891736,313.749571500055,True,2.2733323000410963,-2.2733323000410963,100.0,theta_power_meaning_z,pow_theta_4_8_meaning_candidate_z,0.3958421743912528,-0.1792949930057329,-0.0398582523715199,0.0085398239203775,-0.5751371673969858,-0.4357004267627727,-0.3873023504708752,15,2,20,30,"TARGET_1,WASHOUT_2",WASHOUT_2,WASHOUT_2,0.3141076373451031,0.7251740246859337,0.4110663873408306,22,"TARGET_1,WASHOUT_2",10.420475319926874,17.36745886654479,13.893967093235831,1.3962234246065504,0.3428380273220688,-0.3044324021410257,0.1860905777083543,-0.9496160259804368,2,20,30,0.0770061335495518,0.8681211919028088,,0.3720231867345827,-0.3789839082517376,1,0,28,-0.9179751947190546,-1.4432583592997943,-0.131268024621747,,-0.5733929281792296,-0.7593255372054579,0.877108875434546,2.196326166491545,True,False,False,False,True,False,False,False,local_K_without_theta_handoff,MR_HIGH_ENC_LOW,False
arrival_candidate_local_kht_all_conditions.csv,paired_washout_continuation,TARGET_1,WASHOUT_2,second_half,meaninggamma_score,251.0,267.0,344456.7891736,313.749571500055,False,0.1944289959842315,-0.1944289959842315,47.27272727272727,theta_plv_primary_z,plv_theta_4_8_primary_content_core_z,0.3543095350464471,-0.7221218125498866,0.6172115975753097,0.3219755977875448,-1.0764313475963336,0.2629020625288626,-0.0323339372589022,15,10,20,22,TARGET_1,TARGET_1,"TARGET_1,WASHOUT_2",0.8478964276072923,0.4481926067857481,-0.3997038208215442,30,TARGET_1,2.742230347349177,67.64168190127971,43.69287020109689,0.0670865471974222,-0.0908409222395573,-0.4121962269709879,-0.6780154850583368,0.0252180802198633,10,20,22,0.0858584012946435,1.2923732066318312,0.5841809082803829,1.109196116978168,0.8762238979878633,10,20,14,-0.9855904253567764,-2.3688045542281646,0.6750982894998505,-0.3212788457515202,0.6456815477994345,-1.14153005423707,0.1273424487868092,0.1085705946895879,False,False,False,False,True,False,False,False,not_locked,MR_LOW_ENC_LOW,False
arrival_candidate_local_kht_all_conditions.csv,paired_washout_continuation,TARGET_1,WASHOUT_2,second_half,meaninggamma_score,251.0,267.0,344456.7891736,313.749571500055,False,0.1944289959842315,-0.1944289959842315,47.27272727272727,theta_plv_meaning_z,plv_theta_4_8_meaning_candidate_z,0.3004294037858793,-0.5035116250242175,0.7800183235861431,0.4041946086853933,-0.8039410288100969,0.4795889198002637,0.103765204899514,15,10,20,22,TARGET_1,TARGET_1,"TARGET_1,WASHOUT_2",0.8478964276072923,0.4481926067857481,-0.3997038208215442,30,TARGET_1,7.129798903107861,80.25594149908592,54.296160877513714,0.0670865471974222,-0.3826552186841104,-0.4418256782461386,-0.5995229740408595,0.0252180802198633,10,20,22,0.0858584012946435,1.553812061670588,0.5877238618438343,1.166117836657183,0.8762238979878633,10,20,14,-0.4212858101259864,-2.357753090480685,0.9214145980464024,-0.1081349420435705,0.7032881789403735,-1.062352631757669,0.1273424487868092,0.1085705946895879,False,False,False,False,True,False,False,False,not_locked,MR_LOW_ENC_LOW,False
arrival_candidate_local_kht_all_conditions.csv,paired_washout_continuation,TARGET_1,WASHOUT_2,second_half,meaninggamma_score,251.0,267.0,344456.7891736,313.749571500055,False,0.1944289959842315,-0.1944289959842315,47.27272727272727,theta_power_primary_z,pow_theta_4_8_primary_content_core_z,0.3958035038420179,-0.4276268686710982,0.4241583434047913,0.089042535252633,-0.8234303725131162,0.0283548395627734,-0.3067609685893849,15,10,20,22,TARGET_1,TARGET_1,"TARGET_1,WASHOUT_2",0.8478964276072923,0.4481926067857481,-0.3997038208215442,30,TARGET_1,4.204753199268739,45.15539305301645,19.195612431444243,0.0670865471974222,0.4873636164788289,0.794399158394741,0.1224324299681036,0.0252180802198633,10,20,22,0.0858584012946435,0.2403717746289802,-0.2403142105621922,-0.0182229872364197,0.8762238979878633,10,20,14,-1.310793988991945,-1.0638021471420964,-0.7660443188319676,0.2686690501249656,-0.4291933985574885,-0.2885379813529652,0.1273424487868092,0.1085705946895879,False,False,False,False,True,False,False,False,not_locked,MR_LOW_ENC_LOW,False
arrival_candidate_local_kht_all_conditions.csv,paired_washout_continuation,TARGET_1,WASHOUT_2,second_half,meaninggamma_score,251.0,267.0,344456.7891736,313.749571500055,False,0.1944289959842315,-0.1944289959842315,47.27272727272727,theta_power_meaning_z,pow_theta_4_8_meaning_candidate_z,0.5061579973326888,-0.5153414543729189,0.3233915257755974,0.124597303490598,-1.0214994517056075,-0.1827664715570914,-0.3815606938420908,15,10,20,22,TARGET_1,TARGET_1,"TARGET_1,WASHOUT_2",0.8478964276072923,0.4481926067857481,-0.3997038208215442,30,TARGET_1,1.6453382084095065,33.63802559414991,14.076782449725778,0.0670865471974222,0.4677242792541036,0.7074017689334964,0.0086711669743712,0.0252180802198633,10,20,22,0.0858584012946435,0.0944008133962857,-0.229962133915024,0.0005233260573452,0.8762238979878633,10,20,14,-1.4892237309597114,-1.1159002651018934,-0.8901682404905877,0.0471956623579326,-0.390231860816462,-0.3820840198994361,0.1273424487868092,0.1085705946895879,False,False,False,False,True,False,False,False,not_locked,MR_LOW_ENC_LOW,False
arrival_candidate_local_kht_all_conditions.csv,paired_washout_continuation,TARGET_1,WASHOUT_2,second_half,temporal_semantic_proxy_score,244.0,255.0,344444.7891736,313.749571500055,False,0.1986902405053597,0.1986902405053597,49.09090909090909,theta_plv_primary_z,plv_theta_4_8_primary_content_core_z,-0.0893935206226781,0.7625803245133859,-0.0816862040679647,0.5877857554531601,0.851973845136064,0.0077073165547134,0.6771792760758383,15,10,20,26,TARGET_1,TARGET_1,TARGET_1,0.7085809307604279,0.6166965464044318,-0.0918843843559961,30,TARGET_1,92.6873857404022,46.98354661791591,89.76234003656307,0.0617806905772959,-0.2863130777320837,0.2904949767518047,-0.63255364080963,-0.3207983336822335,10,20,26,0.2564812679744962,-0.796193501166909,0.4528877592085468,0.0730214449456246,0.7034376745506113,10,20,26,1.1382869228681478,1.648167346302973,-0.2827876601970913,-0.4451804426538334,1.3097329168854683,0.6041578311302137,0.1369095499280637,-0.0577910274691365,False,False,False,False,False,True,False,False,not_locked,MR_LOW_ENC_LOW,False
arrival_candidate_local_kht_all_conditions.csv,paired_washout_continuation,TARGET_1,WASHOUT_2,second_half,temporal_semantic_proxy_score,244.0,255.0,344444.7891736,313.749571500055,False,0.1986902405053597,0.1986902405053597,49.09090909090909,theta_plv_meaning_z,plv_theta_4_8_meaning_candidate_z,0.1658375637180238,0.5936338418894043,0.1343177684689419,0.6101987159258806,0.4277962781713804,-0.0315197952490819,0.4443611522078567,15,10,20,26,TARGET_1,TARGET_1,TARGET_1,0.7085809307604279,0.6166965464044318,-0.0918843843559961,30,TARGET_1,82.08409506398537,45.15539305301645,76.05118829981718,0.0617806905772959,0.1857846597250663,0.3200464847766249,-0.4233343127221359,-0.3207983336822335,10,20,26,0.2564812679744962,-0.2879400390789267,0.75641388187761,0.4870271267052762,0.7034376745506113,10,20,26,0.242011618446314,0.7157363172503071,-0.3515662800257068,-0.7879336771266919,0.8676954649299926,-0.0426659744974194,0.1369095499280637,-0.0577910274691365,False,False,False,False,False,True,False,False,not_locked,MR_LOW_ENC_LOW,False
arrival_candidate_local_kht_all_conditions.csv,paired_washout_continuation,TARGET_1,WASHOUT_2,second_half,temporal_semantic_proxy_score,244.0,255.0,344444.7891736,313.749571500055,False,0.1986902405053597,0.1986902405053597,49.09090909090909,theta_power_primary_z,pow_theta_4_8_primary_content_core_z,-0.187427943572838,0.5797855859388071,0.0258923016099085,0.3079593621797215,0.7672135295116451,0.2133202451827465,0.4953873057525595,15,10,20,26,TARGET_1,TARGET_1,TARGET_1,0.7085809307604279,0.6166965464044318,-0.0918843843559961,30,TARGET_1,94.14990859232176,63.25411334552102,89.57952468007313,0.0617806905772959,-0.0556812167098306,0.1450882961372963,0.6568588949646592,-0.3207983336822335,10,20,26,0.2564812679744962,-0.31150908511364,-0.2213564214288698,-0.2529252360954364,0.7034376745506113,10,20,26,0.8228947462214757,1.078722614625285,0.0682319490454502,0.4346766666116164,-0.1614715892120996,0.748312541847996,0.1369095499280637,-0.0577910274691365,False,False,False,False,False,True,True,False,not_locked,MR_LOW_ENC_LOW,False
arrival_candidate_local_kht_all_conditions.csv,paired_washout_continuation,TARGET_1,WASHOUT_2,second_half,temporal_semantic_proxy_score,244.0,255.0,344444.7891736,313.749571500055,False,0.1986902405053597,0.1986902405053597,49.09090909090909,theta_power_meaning_z,pow_theta_4_8_meaning_candidate_z,-0.0523538124931658,0.6612744046362353,0.0150374375327559,0.2457132133271683,0.7136282171294012,0.0673912500259218,0.2980670258203342,15,10,20,26,TARGET_1,TARGET_1,TARGET_1,0.7085809307604279,0.6166965464044318,-0.0918843843559961,30,TARGET_1,92.6873857404022,49.54296160877514,73.308957952468,0.0617806905772959,-0.0601056718857935,0.1092861890580359,0.5282058581959047,-0.3207983336822335,10,20,26,0.2564812679744962,-0.5375195053415528,-0.4719712803256664,-0.3867359633019555,0.7034376745506113,10,20,26,0.7737338890151947,1.251147722470954,-0.0418949390321141,0.5393625303515882,-0.2301388323755705,0.6848029891222897,0.1369095499280637,-0.0577910274691365,False,False,False,False,False,True,False,False,not_locked,MR_LOW_ENC_LOW,False
arrival_candidate_local_kht_all_conditions.csv,paired_washout_continuation,TARGET_1,WASHOUT_2,second_half,posterior_temporal_power_z,211.0,298.0,344487.7891736,313.749571500055,True,0.0977554945463295,-0.0977554945463295,14.545454545454543,theta_plv_primary_z,plv_theta_4_8_primary_content_core_z,0.5597941977231801,0.8316035536467095,0.0826202564537649,-0.2440145021901531,0.2718093559235294,-0.4771739412694151,-0.8038086999133333,15,10,12,30,TARGET_1,"TARGET_1,WASHOUT_2",WASHOUT_2,0.5554444487946575,0.6489648919280329,0.0935204431333753,22,"TARGET_1,WASHOUT_2",74.04021937842778,27.97074954296161,17.184643510054844,0.6174138003941652,-0.4636819177346972,0.6478611705780838,0.5765004635375436,0.1980851106236933,10,12,30,0.3372965921478249,0.5998501543090701,0.4142877560651162,0.6289122045689318,-0.304747337283325,10,3,16,0.7354912736582266,-0.3280407983855407,-1.1250351118474988,-0.8914616973345313,-1.3803091634508768,-1.432720904482265,-0.5196583058478357,-0.2395410976014954,False,False,False,False,False,False,False,False,not_locked,MR_LOW_ENC_LOW,False
arrival_candidate_local_kht_all_conditions.csv,paired_washout_continuation,TARGET_1,WASHOUT_2,second_half,posterior_temporal_power_z,211.0,298.0,344487.7891736,313.749571500055,True,0.0977554945463295,-0.0977554945463295,14.545454545454543,theta_plv_meaning_z,plv_theta_4_8_meaning_candidate_z,0.6984280328401075,0.8488095465006623,0.1669974692379611,-0.1976496534743474,0.1503815136605548,-0.5314305636021464,-0.896077686314455,15,10,12,30,TARGET_1,"TARGET_1,WASHOUT_2",WASHOUT_2,0.5554444487946575,0.6489648919280329,0.0935204431333753,22,"TARGET_1,WASHOUT_2",63.43692870201097,23.217550274223036,11.517367458866543,0.6174138003941652,0.0098983414761549,0.7913762896536239,0.7814472466159228,0.1980851106236933,10,12,30,0.3372965921478249,0.5194843862604812,0.1659180057752979,0.2572532047781466,-0.304747337283325,10,3,16,0.1404831721843998,-0.3691028725999263,-1.3228068532557704,-0.6973485693774444,-1.677524932930378,-1.1533308910926017,-0.5196583058478357,-0.2395410976014954,False,False,False,False,False,False,False,False,not_locked,MR_LOW_ENC_LOW,False
arrival_candidate_local_kht_all_conditions.csv,paired_washout_continuation,TARGET_1,WASHOUT_2,second_half,posterior_temporal_power_z,211.0,298.0,344487.7891736,313.749571500055,True,0.0977554945463295,-0.0977554945463295,14.545454545454543,theta_power_primary_z,pow_theta_4_8_primary_content_core_z,0.1929459294487064,0.1783787189096013,0.1038067362526655,-0.0472528927971189,-0.0145672105391051,-0.0891391931960409,-0.2401988222458254,15,10,12,30,TARGET_1,"TARGET_1,WASHOUT_2",WASHOUT_2,0.5554444487946575,0.6489648919280329,0.0935204431333753,22,"TARGET_1,WASHOUT_2",47.3491773308958,36.0146252285192,23.76599634369287,0.6174138003941652,-0.8955091393511283,-1.2208448795303664,-1.1382832130791147,0.1980851106236933,10,12,30,0.3372965921478249,0.1547113352771284,0.1162556372230166,0.5449345285016524,-0.304747337283325,10,3,16,0.8809419288120232,-0.1692785458162335,1.1317056863343251,-0.2053948304190575,0.8980843908332893,-0.7851333507474778,-0.5196583058478357,-0.2395410976014954,False,False,False,False,False,False,False,False,not_locked,MR_LOW_ENC_LOW,False
arrival_candidate_local_kht_all_conditions.csv,paired_washout_continuation,TARGET_1,WASHOUT_2,second_half,posterior_temporal_power_z,211.0,298.0,344487.7891736,313.749571500055,True,0.0977554945463295,-0.0977554945463295,14.545454545454543,theta_power_meaning_z,pow_theta_4_8_meaning_candidate_z,0.0332253933445028,0.3460674071312425,0.0206454871741159,0.0432271249351558,0.3128420137867397,-0.0125799061703868,0.010001731590653,15,10,12,30,TARGET_1,"TARGET_1,WASHOUT_2",WASHOUT_2,0.5554444487946575,0.6489648919280329,0.0935204431333753,22,"TARGET_1,WASHOUT_2",76.23400365630712,44.05850091407678,41.49908592321755,0.6174138003941652,-1.0673894713874168,-1.136993560388503,-1.2030897570559471,0.1980851106236933,10,12,30,0.3372965921478249,0.1400091293317164,0.2481272657961902,0.4903428356949906,-0.304747337283325,10,3,16,1.3802314851741566,0.1728328844550233,1.1244136542181162,-0.260707171966577,1.2130914886466002,-0.4803411041043375,-0.5196583058478357,-0.2395410976014954,False,False,False,False,False,True,False,False,not_locked,MR_LOW_ENC_LOW,False
